id	formula	adduct	mz	rt	fold_change	p-value	ratio		
TTOF0001	C19H24N2S	+H	313.1734	12.32	4.44	0.000	4/1		
TTOF0002	C24H30F2O6	+H	453.2079	15.8	0.05	0.000	1/16		
TTOF0003	C26H32F2O7	+H	495.2184	26.07	0.54	0.001	1/2		
TTOF0004	C21H23ClFNO2	+H	376.1464	12.96	1.35	0.014	1/1		
TTOF0005	C26H28Cl2N4O4	+H	531.1562	12.46	1.17	0.284	1/1		
TTOF0006	C18H34N2O6S	+H	407.2227	3.3	0.28	0.000	1/4		
TTOF0007	C20H23N	+H	278.1905	12.39	0.54	0.000	1/2		
TTOF0008	C22H32O3	+H	345.2421	25.02	0.54	0.000	1/2		
TTOF0009	C15H25NO3	+H	268.1907	3.94	2.06	0.001	2/1		
TTOF0010	C18H14Cl4N2O	+H	416.9905	24.58	3.91	0.000	4/1		
TTOF0011	C19H21N	+H	264.1749	12.18	0.27	0.000	1/4		
TTOF0012	C16H18FN3O3	+H	320.1409	3.42	16.15	0.000	16/1		
TTOF0013	C22H23NO7	+H	414.1546	5.18	0.99	0.936	1/1		
TTOF0014	C18H23NO	+H	270.1851	10	0.92	0.300	1/1		
TTOF0015	C16H24N2O	+H	261.1963	6.83	12.67	0.000	16/1		
TTOF0016	C20H21NO4	+H	340.1543	4.95	0.09	0.000	1/16		
TTOF0017	C11H11N5	+H	214.1088	5.53	0.09	0.000	1/16		
TTOF0018	C21H28O5	+H	361.1992	8.59	18.50	0.000	16/1		
TTOF0019	C19H29NO	+H	288.2323	9.9	4.07	0.000	4/1		
TTOF0020	C21H30O2	+H	315.2316	28.13	0.54	0.001	1/2		
TTOF0021	C17H23N3O	+H	286.1914	4.3	14.44	0.000	16/1		
TTOF0022	C12H13ClN4	+H	249.0903	4.99	1.34	0.006	1/1		
TTOF0023	C13H12N2O3S	+H	277.0641	6.57	0.47	0.000	1/2		
TTOF0024	C18H14N4O5S	+H	399.0755	11.84	0.27	0.000	1/4		
TTOF0025	C21H26N2S2	+H	371.1612	18.84	0.55	0.000	1/2		
TTOF0026	C13H24N4O3S	+H	317.1642	3.75	0.06	0.000	1/16		
TTOF0027	C21H24F3N3S	+H	408.1716	17	16.61	0.000	16/1		
TTOF0028	C20H31NO	+H	302.248	11.24	0.27	0.000	1/4		
TTOF0029	C16H21N3	+H	256.1808	4.2	15.22	0.000	16/1		
TTOF0030	C19H22N2	+H	279.1856	5.1	1.01	0.828	1/1		
TTOF0031	C16H24N2	+H	245.2014	9.47	3.89	0.000	4/1		
TTOF0032	C10H13NO2	+H	180.1017	5.91	0.07	0.000	1/16		
TTOF0033	C21H26N2O3	+H	355.2015	4.36	1.91	0.001	2/1		
TTOF0034	C18H28N2O4	+H	337.2121	3.78	0.07	0.000	1/16		
TTOF0035	C19H19NOS	+H	310.1261	5.6	1.08	0.436	1/1		
TTOF0036	C18H19ClN4	+H	327.1369	5.25	0.49	0.000	1/2		
TTOF0037	C21H21NO6	+H	384.144	4.18	0.06	0.000	1/16		
TTOF0038	C14H22N2O	+H	235.1802	3.57	0.46	0.002	1/2		
TTOF0039	C13H10N2	+H	195.0917	3.52	0.86	0.090	1/1		
TTOF0040	C22H26F3N3OS	+H	438.182	15.81	0.28	0.000	1/4		
TTOF0041	C20H21ClO4	+H	361.1199	31.6	1.82	0.031	2/1		
TTOF0042	C15H15NO2	+H	242.1175	25.46	1.32	0.133	1/1		
TTOF0043	C25H35NO5	+H	430.2586	12.39	0.51	0.000	1/2		
TTOF0044	C12H21N	+H	180.1747	5.24	2.32	0.001	2/1		
TTOF0045	C24H26BrN3O3	+H	484.1226	14.09	4.93	0.001	4/1		
TTOF0046	C26H29N3O6	+H	480.2131	12.8	0.28	0.000	1/4		
TTOF0047	C17H19NO	+H	254.1539	5.32	0.06	0.000	1/16		
TTOF0048	C10H9ClN4O2S	+H	285.0206	4.68	2.63	0.005	2/1		
TTOF0049	C12H14N4O4S	+H	311.0809	7.22	0.05	0.000	1/16		
TTOF0050	C18H15Cl3N2S	+H	397.0093	22.58	15.95	0.000	16/1		
TTOF0051	C20H35NOS	+H	338.2514	25.45	1.80	0.001	2/1		
TTOF0052	C25H28O3	+H	377.2109	31.56	0.14	0.000	1/4		
TTOF0053	C18H15Cl3N2O	+H	381.0322	21.68	19.29	0.000	16/1		
TTOF0054	C14H21N3O3S	+H	312.1378	16.24	5.18	0.000	4/1		
TTOF0055	C17H13N3O5S2	+H	404.0368	5.23	5.25	0.000	4/1		
TTOF0056	C23H31NO2	+H	354.2429	20.1	0.28	0.000	1/4		
TTOF0057	C21H25NO2	+H	324.196	10.55	1.97	0.001	2/1		
TTOF0058	C32H47F5O3S	+H	607.3224	31.18	0.15	0.000	1/4		
TTOF0059	C25H32ClN5O2	+H	470.2307	16.48	0.41	0.025	1/2		
TTOF0060	C23H27FN4O3	+H	427.2136	4.62	3.79	0.000	4/1		
TTOF0061	C19H28N2O4	+H	349.2121	3.64	1.25	0.055	1/1		
TTOF0062	C21H19F2N3O3	+H	400.1475	4.07	0.35	0.001	1/2		
TTOF0063	C19H21NS	+H	296.1469	11.69	2.06	0.001	2/1		
TTOF0064	C21H35NO	+H	318.2793	21.44	1.84	0.004	2/1		
TTOF0065	C25H31NO6	+H	442.2221	17.92	18.53	0.000	16/1		
TTOF0066	C50H75NO14	+H	914.5269	31.72	0.14	0.000	1/4		
TTOF0067	C15H13ClFNO2	+H	294.069	27.23	4.65	0.000	4/1		
TTOF0068	C17H19N3	+H	266.1653	6.48	14.97	0.000	16/1		
TTOF0069	C19H24N2O4	+H	345.1807	3.94	1.22	0.017	1/1		
TTOF0070	C22H38O5	+H	383.2803	5.33	1.00	0.978	1/1		
TTOF0071	C22H38O5	+H	383.2789	31.12	1.41	0.032	1/1		
TTOF0072	C12H20N4O7	+H	333.1403	0.64	4.76	0.000	4/1		
TTOF0073	C25H37NO4	+H	416.2774	18.99	1.16	0.155	1/1		
TTOF0074	C17H16FN3O2S	+H	346.1019	5.3	1.08	0.613	1/1		
TTOF0075	C22H28F2O5	+H	411.1975	12.3	1.14	0.038	1/1		
TTOF0076	C22H28O2	+H	325.2163	25.66	1.18	0.002	1/1		
TTOF0077	C49H66N10O10S2	+H	1019.4478	4.46	1.68	0.070	1/1		
TTOF0078	C20H15BrN6O	+H	435.0565	29.5	1.06	0.519	1/1		
TTOF0079	C18H18ClNO5	+H	364.0948	26.56	1.16	0.005	1/1		
TTOF0080	C9H11NO5	+H	214.071	0.67	3.06	0.000	4/1		
TTOF0081	C13H16N2	+H	201.1385	5.12	1.04	0.768	1/1		
TTOF0082	C27H36N2O5	+H	469.2698	5.36	1.19	0.040	1/1		
TTOF0083	C20H25NO2	+H	312.1959	13.1	1.02	0.895	1/1		
TTOF0084	C10H8F2N4O	+H	239.0743	15.17	1.36	0.006	1/1		
TTOF0085	C19H30O3	+H	307.2267	17.53	1.19	0.015	1/1		
TTOF0086	C19H20N2O3	+H	325.1546	4.29	1.22	0.008	1/1		
TTOF0087	C15H28N4O4	+H	329.2172	3.37	1.16	0.046	1/1		
TTOF0088	C30H34N2O3	+H	471.264	12.3	0.99	0.662	1/1		
TTOF0089	C36H41N3O6	+H	612.307	25.49	1.06	0.740	1/1		
TTOF0090	C20H29FO3	+H	337.2176	13.04	1.30	0.000	1/1		
TTOF0091	C18H26ClN3O3	+H	368.1737	3.71	1.18	0.045	1/1		
TTOF0092	C25H24FNO4	+H	422.176	6.05	0.97	0.553	1/1		
TTOF0093	C22H36N2O5S	+H	441.2419	8.4	1.17	0.057	1/1		
TTOF0094	C15H15NO3	+H	258.1127	16.84	1.64	0.059	1/1		
TTOF0095	C16H21N5O2	+H	316.1766	3.28	1.17	0.083	1/1		
TTOF0096	C14H23NO	+H	222.1854	4.09	1.04	0.370	1/1		
TTOF0097	C45H57NO14	+H	836.3853	30.08	1.15	0.801	1/1		
TTOF0098	C19H21N3O	+H	308.1756	3.71	1.37	0.043	1/1		
TTOF0099	C31H43NO7	+H	542.3112	32.2	1.05	0.486	1/1		
TTOF0100	C32H45NO7	+H	556.3274	32.61	1.12	0.489	1/1		
TTOF0101	C21H23N7O2S	+H	438.1702	6.2	1.43	0.015	1/1		
TTOF0102	C15H13NO3	+H	256.0969	15.53	1.17	0.048	1/1		
TTOF0103	C12H15N5O3	+H	278.1214	24.24	1.37	0.003	1/1		
TTOF0104	C19H18N4O2	+H	335.1502	4.46	1.25	0.004	1/1		
TTOF0105	C39H37F6N3O2	+H	694.2863	25.95	1.20	0.366	1/1		
TTOF0106	C20H25NO3	+H	328.1908	6.34	1.15	0.008	1/1		
TTOF0107	C15H22N2O	+H	247.1803	4.88	1.26	0.181	1/1		
TTOF0108	C11H21N	+H	168.1742	3.63	1.06	0.561	1/1		
TTOF0109	C19H17N5O2	+H	348.1453	3.23	1.02	0.887	1/1		
TTOF0110	C14H17N3O2S	+H	292.1114	3.22	1.59	0.008	2/1		
TTOF0111	C27H31N7OS	+H	502.2384	23.18	1.40	0.008	1/1		
TTOF0112	C34H38N3O7P	+H	632.2532	31.15	0.84	0.423	1/1		
TTOF0113	C27H37N3O7S	+H	548.2423	22.09	1.34	0.015	1/1		
TTOF0114	C30H29ClN6O3	+H	557.2059	4.72	0.97	0.871	1/1		
TTOF0115	C23H26ClN7O3	+H	484.1858	8.47	1.14	0.222	1/1		
TTOF0116	C21H30N4O5S	+H	451.2005	7.81	1.15	0.023	1/1		
TTOF0117	C32H39NO2	+H	470.3052	27.72	1.15	0.080	1/1		
TTOF0118	C26H25ClN2O3	+H	449.1626	25.82	1.16	0.049	1/1		
TTOF0119	C18H22F2N4O	+H	349.1835	4.82	1.25	0.007	1/1		
TTOF0120	C20H19F2N3O5	+H	420.1363	13.86	1.04	0.303	1/1		
TTOF0121	C22H18N6	+H	367.1666	11.04	1.21	0.025	1/1		
TTOF0122	C16H18O9	+H	355.1022	3.34	1.29	0.027	1/1		
TTOF0123	C21H26O2	+H	311.2005	21.85	1.08	0.379	1/1		
TTOF0124	C19H22N2O	+H	295.1806	5.19	1.03	0.715	1/1		
TTOF0125	C31H48O6	+H	517.3534	30.95	1.08	0.518	1/1		
TTOF0126	C15H17ClN4	+H	289.1215	25.35	1.06	0.157	1/1		
TTOF0127	C13H17ClN2O2	+H	269.105	3.56	1.11	0.096	1/1		
TTOF0128	C20H23NO4	+H	342.1695	3.32	1.26	0.066	1/1		
TTOF0129	C14H18N2O	+H	231.1493	24.21	1.11	0.027	1/1		
TTOF0130	C20H21FN2O	+H	325.1712	8.43	1.09	0.034	1/1		
TTOF0131	C27H29NO10	+H	528.186	10.47	1.27	0.001	1/1		
TTOF0132	C22H24BrFN4O2	+H	475.1137	4.26	0.68	0.044	1/1		
TTOF0133	C6H13N5O	+H	172.119	0.58	1.35	0.125	1/1		
TTOF0134	C22H29N3O4S	+H	432.1946	3.62	1.08	0.494	1/1		
TTOF0135	C24H34O4	+H	387.2532	28.98	1.16	0.060	1/1		
TTOF0136	C15H14N2O2	+H	255.1128	10.47	1.11	0.042	1/1		
TTOF0137	C17H19N3O	+H	282.1603	5.24	1.00	0.991	1/1		
TTOF0138	C15H24N2O4S	+H	329.1532	3.27	1.06	0.701	1/1		
TTOF0139	C9H12ClN5O	+H	242.0803	0.6	0.64	0.041	1/2		
TTOF0140	C21H27ClN2O2	+H	375.1836	12.34	1.13	0.135	1/1		
TTOF0141	C14H10N4O5	+H	315.0722	11.99	1.16	0.155	1/1		
TTOF0142	C24H25FN6O	+H	433.2145	6.07	1.17	0.039	1/1		
TTOF0143	C10H15N5	+H	206.1399	3.71	1.14	0.082	1/1		
TTOF0144	C17H21NO3	+H	288.1593	0.59	1.43	0.125	1/1		
TTOF0145	C24H30O6	+H	415.2118	22.78	1.11	0.060	1/1		
TTOF0146	C17H14Cl2F2N2O3	+H	403.0424	27.42	1.07	0.145	1/1		
TTOF0147	C20H22N8O5	+H	455.1755	27.82	1.15	0.148	1/1		
TTOF0148	C19H27N5O5	+H	406.2084	3.76	1.17	0.092	1/1		
TTOF0149	C19H29NO5	+H	352.212	14.42	1.15	0.055	1/1		
TTOF0150	C25H25Cl2N7O	+H	510.1568	13.19	1.27	0.001	1/1		
TTOF0151	C25H24N6O2	+H	441.2036	21.57	1.14	0.199	1/1		
TTOF0152	C15H14N2O4S	+H	319.0745	8.24	1.22	0.053	1/1		
TTOF0153	C43H65FN6O10	+H	845.4821	11.47	0.83	0.085	1/1		
TTOF0154	C23H21F7N4O3	+H	535.1577	28.13	1.19	0.062	1/1		
TTOF0155	C31H33N5O4	+H	540.2607	12.55	1.16	0.235	1/1		
TTOF0156	C23H22F7N4O6P	+H	615.1235	24.23	1.26	0.003	1/1		
TTOF0157	C24H29N7O2	+H	448.2452	4.7	1.13	0.261	1/1		
TTOF0158	C24H25FO5S	+H	445.1463	9.27	1.29	0.009	1/1		
TTOF0159	C18H28N2O	+H	289.2276	5.56	1.05	0.338	1/1		
TTOF0160	C19H18N2O4S	+H	371.1062	24.73	1.33	0.007	1/1		
TTOF0161	C21H15ClF4N4O3	+H	483.0844	29.61	1.27	0.081	1/1		
TTOF0162	C56H71N9O23S	+H	1270.4467	26.22	0.81	0.362	1/1		
TTOF0163	C40H57N5O7	+H	720.4335	24.74	0.94	0.701	1/1		
TTOF0164	C30H46NO7P	+H	564.3079	31.29	1.10	0.280	1/1		
TTOF0165	C24H26FNO4	+H	412.1917	26.95	1.11	0.010	1/1		
TTOF0166	C46H62N4O11	+H	847.4493	22.47	0.86	0.045	1/1		
TTOF0167	C18H19N3O	+H	294.1646	4.51	1.04	0.833	1/1		
TTOF0168	C18H20N2O2S	+H	329.1328	31.56	0.99	0.879	1/1		
TTOF0169	C16H25NO4	+H	296.1858	4.41	0.92	0.028	1/1		
TTOF0170	C12H16N2S	+H	221.1109	3.86	1.05	0.423	1/1		
TTOF0171	C17H25N3O2	+H	304.2008	3.2	1.07	0.505	1/1		
TTOF0172	C25H32F3N3O4	+H	496.2416	4.53	1.27	0.141	1/1		
TTOF0173	C22H22N2O4	+H	379.1639	27.68	1.16	0.288	1/1		
TTOF0174	C18H20FN5O4	+H	390.1576	4.43	1.13	0.109	1/1		
TTOF0175	C15H18N8O5	+H	391.1471	3.27	1.14	0.208	1/1		
TTOF0176	C15H9FN2O3	+H	285.0669	24.8	1.13	0.172	1/1		
TTOF0177	C17H15FN6O3	+H	371.1259	8.02	1.32	0.002	1/1		
TTOF0178	C19H33NO2	+H	308.2586	24.7	1.14	0.027	1/1		
TTOF0179	C20H25NO2S2	+H	376.1451	12.96	1.37	0.015	1/1		
TTOF0180	C23H23ClN6O2	+H	451.1646	28.83	1.08	0.140	1/1		
TTOF0181	C9H14N4O3	+H	227.1115	3.82	1.23	0.013	1/1		
TTOF0182	C26H23FIN5O4	+H	616.0846	27.2	1.21	0.094	1/1		
TTOF0183	C22H24FN5O4	+H	442.1883	15.58	1.34	0.003	1/1		
TTOF0184	C24H23N5O	+H	398.1978	10.95	1.20	0.007	1/1		
TTOF0185	C18H22N2	+H	267.1856	7.84	0.97	0.733	1/1		
TTOF0186	C25H25N5O4	+H	460.1975	11.39	1.25	0.028	1/1		
TTOF0187	C28H36N4O2S	+H	493.2632	18.09	1.08	0.082	1/1		
TTOF0188	C21H21FN2O4S	+H	417.1279	25.46	1.16	0.111	1/1		
TTOF0189	C20H22N4O5	+H	399.166	4.11	1.07	0.254	1/1		
TTOF0190	C10H17NOS	+H	200.1096	0.59	3.25	0.002	4/1		
TTOF0191	C12H11NO	+H	186.0911	6.22	0.85	0.315	1/1		
TTOF0192	C14H9ClF3NO2	+H	316.0342	28.14	1.04	0.568	1/1		
TTOF0193	C43H68ClNO11	+H	810.4553	32.27	1.02	0.684	1/1		
TTOF0194	C21H19N3O5	+H	394.1395	12.83	1.01	0.893	1/1		
TTOF0195	C26H26F3N3O3	+H	486.2001	28.43	0.93	0.328	1/1		
TTOF0196	C21H30Cl2N2O5	+H	461.1596	27.85	0.94	0.413	1/1		
TTOF0197	C15H21N3O2S	+H	308.1427	3.91	0.96	0.278	1/1		
TTOF0198	C22H18FN7O	+H	416.1626	9.45	0.87	0.396	1/1		
TTOF0199	C20H30N4O2	+H	359.2441	3.18	1.79	0.011	2/1		
TTOF0200	C23H26O3	+H	351.1951	32.4	1.04	0.174	1/1		
TTOF0201	C18H23NO3	+H	302.1751	3.54	1.21	0.035	1/1		
TTOF0202	C19H30O5	+H	339.2171	3.79	0.04	0.000	1/16		
TTOF0203	C10H19O6PS2	+H	331.0429	27.45	1.17	0.004	1/1		
TTOF0204	C12H17NO	+H	192.1383	13.95	1.00	0.895	1/1		
TTOF0205	C21H45N3	+H	340.3688	29.09	1.26	0.002	1/1		
TTOF0206	C22H42N4O8S2	+H	555.2517	3.68	1.20	0.134	1/1		
TTOF0207	C12H21N2O3PS	+H	305.1085	29.93	1.09	0.162	1/1		
TTOF0208	C6H8N2	+H	109.0756	0.55	2.85	0.000	4/1		
TTOF0209	C13H17NO	+H	204.1382	18.34	1.13	0.084	1/1		
TTOF0210	C18H26O3	+H	291.1956	32.26	1.14	0.082	1/1		
TTOF0211	C24H27NO2	+H	362.2113	32.22	1.07	0.385	1/1		
TTOF0212	C4H7Cl2O4P	+H	220.9531	8.85	1.05	0.607	1/1		
TTOF0213	C16H22O4	+H	279.1593	31.34	1.06	0.432	1/1		
TTOF0214	C17H26N2O	+H	275.212	4.36	0.83	0.009	1/1		
TTOF0215	C24H33N3O4	+H	428.2543	6.77	0.89	0.057	1/1		
TTOF0216	C11H16ClNO	+H	214.0993	3.57	0.96	0.669	1/1		
TTOF0217	C21H19ClN4O4	+H	427.1165	4.29	1.38	0.006	1/1		
TTOF0218	C21H30O4	+H	347.2215	13.23	1.13	0.013	1/1		
TTOF0219	C22H26ClN7O2S	+H	488.1626	6.95	1.22	0.018	1/1		
TTOF0220	C23H32N6O4S	+H	489.2277	10.47	1.10	0.319	1/1		
TTOF0221	C21H43N5O7	+H	478.3215	30.17	0.90	0.852	1/1		
TTOF0222	C20H41N5O7	+H	464.3071	0.72	1.02	0.933	1/1		
TTOF0223	C19H39N5O7	+H	450.2886	33.7	0.95	0.320	1/1		
TTOF0224	C12H12N2O3	+H	233.0922	9.44	1.34	0.032	1/1		
TTOF0225	C28H36ClN5O3S	+H	558.2299	22.03	0.96	0.490	1/1		
TTOF0226	C21H20O9	+H	417.1177	3.4	1.13	0.060	1/1		
TTOF0227	C27H30F6N2O2	+H	529.2286	30.87	1.02	0.676	1/1		
TTOF0228	C20H26N2O4	+H	359.1963	3.79	1.16	0.007	1/1		
TTOF0229	C16H20N6O	+H	313.177	3.39	1.24	0.030	1/1		
TTOF0230	C19H20FNO3	+H	330.1501	10.95	1.11	0.178	1/1		
TTOF0231	C24H32O7	+H	433.2223	22.78	1.09	0.062	1/1		
TTOF0232	C13H15NO3	+H	234.1125	11.53	1.04	0.489	1/1		
TTOF0233	C21H21ClN4OS	+H	413.1196	7.42	1.16	0.010	1/1		
TTOF0234	C9H10N2O	+H	163.0858	5.69	1.23	0.019	1/1		
TTOF0235	C18H25N3O2	+H	316.2018	3.44	1.20	0.006	1/1		
TTOF0236	C12H13NO3	+H	220.0968	6.85	0.85	0.004	1/1		
TTOF0237	C14H10N2O	+H	223.0867	10.99	1.16	0.052	1/1		
TTOF0238	C7H6N2	+H	119.0602	5.16	1.15	0.382	1/1		
TTOF0239	C7H4ClNOS	+H	185.9774	10.96	1.20	0.023	1/1		
TTOF0240	C12H11N5	+H	226.1087	3.82	1.34	0.005	1/1		
TTOF0241	C20H25NO	+H	296.2011	6.7	1.09	0.260	1/1		
TTOF0242	C18H27NO3	+H	306.2068	3.2	1.03	0.586	1/1		
TTOF0243	C25H32N2O4	+H	425.2436	5.73	1.41	0.001	1/1		
TTOF0244	C25H32N2O6	+H	457.2334	8.65	0.98	0.762	1/1		
TTOF0245	C15H10O2	+H	223.0755	21.21	0.99	0.889	1/1		
TTOF0246	C9H9I2NO3	+H	433.874	3.5	1.30	0.003	1/1		
TTOF0247	C8H13NO2	+H	156.1013	0.59	1.32	0.059	1/1		
TTOF0248	C42H70O35	+H	1135.377	0.97	1.38	0.252	1/1		
TTOF0249	C17H28O6	+H	329.1942	6.34	1.13	0.036	1/1		
TTOF0250	C10H6O3	+H	175.0363	31.21	0.89	0.435	1/1		
TTOF0251	C15H12O2	+H	225.091	19.11	1.28	0.021	1/1		
TTOF0252	C11H8O3	+H	189.0543	7.96	1.29	0.015	1/1		
TTOF0253	C22H31N3O3	+H	386.244	7.78	1.11	0.176	1/1		
TTOF0254	C20H31NO2	+H	318.243	17.74	0.98	0.663	1/1		
TTOF0255	C13H16N4O6	+H	325.114	3.17	0.99	0.698	1/1		
TTOF0256	C13H16N4O6	+H	325.1152	21.77	1.36	0.014	2/1		
TTOF0257	C21H18O11	+H	447.0919	6.47	1.30	0.003	1/1		
TTOF0258	C15H24N2O2	+H	265.1909	0.59	1.83	0.052	2/1		
TTOF0259	C15H24N2O	+H	249.1959	0.59	2.94	0.015	4/1		
TTOF0260	C22H16N4O3	+H	385.1296	4.51	1.48	0.001	1/1		
TTOF0261	C14H22N4O4S	+H	343.1434	4.38	1.12	0.193	1/1		
TTOF0262	C24H27FN2O2	+H	395.213	10.81	1.15	0.034	1/1		
TTOF0263	C24H32N2O2	+H	381.2538	12.02	0.96	0.433	1/1		
TTOF0264	C24H32N6O3	+H	453.261	4.83	1.12	0.017	1/1		
TTOF0265	C17H19N3O2S	+H	330.1272	5.39	1.19	0.008	1/1		
TTOF0266	C18H14N6O2	+H	347.1249	3.96	1.40	0.001	1/1		
TTOF0267	C28H40BrN7O4	+H	618.2396	7.89	1.04	0.749	1/1		
TTOF0268	C26H29ClN2O4S	+H	501.161	22.01	1.04	0.302	1/1		
TTOF0269	C26H26F3N7O2	+H	526.2176	23.1	1.08	0.304	1/1		
TTOF0270	C19H19N5O	+H	334.1664	29.61	1.17	0.002	1/1		
TTOF0271	C14H10F3NO5	+H	330.0582	25.7	1.17	0.018	1/1		
TTOF0272	C21H24N4O2S	+H	397.1691	6.29	1.68	0.009	1/1		
TTOF0273	C19H17Cl3N4O3	+H	455.0437	26.85	0.97	0.676	1/1		
TTOF0274	C18H19FN2O2	+H	315.1502	7.5	1.23	0.000	1/1		
TTOF0275	C26H28N8O	+H	469.2459	7.16	1.02	0.621	1/1		
TTOF0276	C21H22FN3O	+H	352.1818	5.17	1.18	0.068	1/1		
TTOF0277	C16H15N7O	+H	322.141	5.35	1.04	0.751	1/1		
TTOF0278	C27H32N8O2	+H	501.2786	5.58	0.96	0.600	1/1		
TTOF0279	C23H23O2N5	+H	402.1926	26.33	1.06	0.316	1/1		
TTOF0280	C18H14N4	+H	287.1293	3.39	1.07	0.469	1/1		
TTOF0281	C19H21ClN4	+H	341.1524	3.42	1.45	0.007	1/1		
TTOF0282	C26H24N8O2	+H	481.2092	3.75	1.26	0.000	1/1		
TTOF0283	C21H24ClFN4O3	+H	435.159	6.51	1.27	0.022	1/1		
TTOF0284	C24H17N3O6	+H	444.1191	26.9	1.22	0.015	1/1		
TTOF0285	C25H25ClN6O4S	+H	541.1421	21.88	1.24	0.010	1/1		
TTOF0286	C26H19ClN8	+H	479.1491	6.93	1.37	0.010	1/1		
TTOF0287	C25H34FN3O2	+H	428.2709	18.57	1.09	0.335	1/1		
TTOF0288	C29H35N7O4	+H	546.2824	6.28	1.04	0.849	1/1		
TTOF0289	C34H44N4O4	+H	573.3429	3.92	1.24	0.172	1/1		
TTOF0290	C24H30N6O2	+H	435.2501	5.46	1.41	0.033	1/1		
TTOF0291	C22H22F3N3O3	+H	434.1688	12.73	1.17	0.033	1/1		
TTOF0292	C24H29ClN6OS	+H	485.1883	5.56	1.36	0.002	1/1		
TTOF0293	C21H24FN5O5S	+H	478.1557	26.23	1.08	0.056	1/1		
TTOF0294	C26H40N4	+H	409.3322	3.53	0.93	0.363	1/1		
TTOF0295	C11H11Cl2N	+H	228.0342	6.04	1.11	0.011	1/1		
TTOF0296	C36H46N8O3	+H	639.3768	13.6	1.17	0.151	1/1		
TTOF0297	C31H32BrNO4S2	+H	628.1011	31.91	1.10	0.325	1/1		
TTOF0298	C18H16ClN3O2	+H	342.1006	13.09	1.09	0.048	1/1		
TTOF0299	C27H31FN6OS	+H	507.2333	4.11	1.17	0.270	1/1		
TTOF0300	C24H22F3N5O5	+H	518.1647	27.73	1.31	0.021	1/1		
TTOF0301	C23H35N5O2	+H	414.2865	3.83	0.86	0.052	1/1		
TTOF0302	C26H36N6O3	+H	481.2919	4.64	1.04	0.605	1/1		
TTOF0303	C26H33FN4O3S	+H	501.2331	14.91	1.16	0.038	1/1		
TTOF0304	C18H11N3O2S	+H	334.0642	5.28	1.32	0.001	1/1		
TTOF0305	C15H15N7O	+H	310.1414	14.76	0.99	0.855	1/1		
TTOF0306	C24H25N5O4	+H	448.198	14.54	1.13	0.057	1/1		
TTOF0307	C19H19N3O2S	+H	354.1268	5.62	1.48	0.008	1/1		
TTOF0308	C23H26IN7O2S	+H	592.0988	8.33	1.05	0.484	1/1		
TTOF0309	C14H17IN4O2	+H	401.0467	9.03	1.26	0.080	1/1		
TTOF0310	C29H29ClN4O2	+H	501.2051	10.03	1.09	0.577	1/1		
TTOF0311	C30H31FN4O2	+H	499.2504	25.26	1.21	0.063	1/1		
TTOF0312	C15H19Cl2N3O4	+H	376.0823	5.49	1.30	0.007	1/1		
TTOF0313	C21H19Cl2IN4O2	+H	557.0004	30.58	1.04	0.042	1/1		
TTOF0314	C27H20ClFN4O4	+H	519.1233	26.83	1.09	0.385	1/1		
TTOF0315	C19H18ClN3O4	+H	388.1055	14.63	1.09	0.121	1/1		
TTOF0316	C16H11BrN2O	+H	327.012	22.3	1.16	0.073	1/1		
TTOF0317	C30H27N5O	+H	474.2288	21.77	1.31	0.022	1/1		
TTOF0318	C25H27N3O2S	+H	434.1895	10.41	1.26	0.022	1/1		
TTOF0319	C19H20ClN3O5S	+H	438.0883	26.18	1.27	0.011	1/1		
TTOF0320	C15H18N2	+H	227.1544	5.1	1.13	0.208	1/1		
TTOF0321	C14H16ClN5O2S	+H	354.0785	17.9	0.68	0.260	1/1		
TTOF0322	C28H23N7O2	+H	490.1985	16.95	1.21	0.001	1/1		
TTOF0323	C30H26F2N4O5	+H	561.1949	24.44	0.87	0.069	1/1		
TTOF0324	C23H25F4N3O3S	+H	500.1623	11.53	1.19	0.031	1/1		
TTOF0325	C30H25F10NO3	+H	638.1752	32.33	1.12	0.094	1/1		
TTOF0326	C19H17ClN2O5	+H	389.0899	17.63	1.07	0.255	1/1		
TTOF0327	C21H20N2OS3	+H	413.0807	30.76	1.14	0.022	1/1		
TTOF0328	C10H7NO2	+H	174.0535	5.35	1.39	0.003	1/1		
TTOF0329	C42H45ClN6O5S2	+H	813.2653	19.72	0.99	0.946	1/1		
TTOF0330	C20H20N4O3	+H	365.1609	15.51	1.12	0.136	1/1		
TTOF0331	C19H31N5O2	+H	362.2552	3.49	1.27	0.004	1/1		
TTOF0332	C9H9BrN2O3	+H	272.9868	5.65	1.27	0.001	1/1		
TTOF0333	C28H31N5O	+H	454.2596	6.43	0.58	0.005	1/2		
TTOF0334	C27H31FN4O2	+H	463.2503	19.33	0.96	0.517	1/1		
TTOF0335	C17H18N2O2	+H	283.1442	8.06	1.67	0.006	1/1		
TTOF0336	C9H7NO2	+H	162.0544	3.67	1.24	0.013	1/1		
TTOF0337	C21H23Cl2N5O2S	+H	480.1019	7.77	1.44	0.003	1/1		
TTOF0338	C22H31N3O2	+H	370.2489	5.57	0.88	0.056	1/1		
TTOF0339	C47H55ClF3N5O6S3	+H	974.3027	25.84	0.77	0.355	1/1		
TTOF0340	C27H32N6	+H	441.2756	3.87	1.20	0.235	1/1		
TTOF0341	C22H29N7O	+H	408.2503	10.3	1.00	0.992	1/1		
TTOF0342	C31H33ClN2O3	+H	517.2253	24.41	1.11	0.002	1/1		
TTOF0343	C20H15ClF3N5	+H	418.1038	10.16	1.43	0.001	1/1		
TTOF0344	C12H13N3O3S	+H	280.0749	22.28	1.37	0.019	1/1		
TTOF0345	C22H32N6	+H	381.2761	5.34	1.10	0.475	1/1		
TTOF0346	C20H25N5O2	+H	368.2077	3.85	1.30	0.054	1/1		
TTOF0347	C20H20N2O4	+H	353.1496	6.55	1.15	0.111	1/1		
TTOF0348	C21H17F3N4	+H	383.1476	6.9	1.35	0.097	1/1		
TTOF0349	C25H21N3O	+H	380.1754	3.39	0.85	0.231	1/1		
TTOF0350	C19H12F4N4O2	+H	405.0968	8.42	1.13	0.088	1/1		
TTOF0351	C20H21N5O4	+H	396.1663	6.29	1.55	0.007	1/1		
TTOF0352	C17H18N2	+H	251.1542	9.96	0.95	0.537	1/1		
TTOF0353	C30H28N2O6S	+H	545.174	31.16	1.05	0.595	1/1		
TTOF0354	C16H14BrN3O3	+H	376.0291	4.8	1.26	0.076	1/1		
TTOF0355	C26H25F9N2O4	+H	601.1745	31.9	1.10	0.204	1/1		
TTOF0356	C20H18F6N4O	+H	445.1455	9.27	1.28	0.013	1/1		
TTOF0357	C27H29NO3	+H	416.2221	29.49	1.10	0.226	1/1		
TTOF0358	C24H27ClN2O4	+H	443.1733	9.04	1.33	0.003	1/1		
TTOF0359	C22H20FN3O2	+H	378.1611	27.68	0.98	0.891	1/1		
TTOF0360	C12H17N3O3S	+H	284.1062	4.01	1.21	0.015	1/1		
TTOF0361	C22H26FN3O2	+H	384.208	21.21	0.85	0.464	1/1		
TTOF0362	C31H38N8O3	+H	571.314	5.62	1.21	0.034	1/1		
TTOF0363	C12H7N3O2S	+H	258.0327	6.99	1.07	0.513	1/1		
TTOF0364	C18H17F3N2O3	+H	367.1266	7.7	1.03	0.401	1/1		
TTOF0365	C15H20BrN3O	+H	338.0859	3.25	1.11	0.023	1/1		
TTOF0366	C18H21N3O2	+H	312.1707	5.07	1.14	0.169	1/1		
TTOF0367	C7H15N	+H	114.1271	0.59	1.36	0.310	2/1		
TTOF0368	C21H16N2O9S2	+H	505.0367	3.41	0.98	0.893	1/1		
TTOF0369	C23H27N5	+H	374.2335	8.88	1.11	0.288	1/1		
TTOF0370	C19H20Br2N6O4S	+H	588.9687	29.81	0.94	0.556	1/1		
TTOF0371	C31H52O3	+H	473.3944	32.73	1.57	0.012	1/1		
TTOF0372	C17H18Br2N2O	+H	426.9834	18.55	1.15	0.032	1/1		
TTOF0373	C14H16N4O3S	+H	321.0981	3.77	1.33	0.001	1/1		
TTOF0374	C17H18F3N3O3	+H	370.137	18.33	1.26	0.092	1/1		
TTOF0375	C8H10N2O3S	+H	215.0484	2.54	1.27	0.014	1/1		
TTOF0376	C17H18N6	+H	307.1666	6.64	1.19	0.041	1/1		
TTOF0377	C28H24FN3O5	+H	502.1774	16.18	1.07	0.061	1/1		
TTOF0378	C21H16ClF3N4O3	+H	465.094	28.93	0.97	0.564	1/1		
TTOF0379	C20H21FN6O5	+H	445.1627	14.76	1.27	0.003	1/1		
TTOF0380	C13H16N4O	+H	245.1397	3.19	1.09	0.285	1/1		
TTOF0381	C24H28N2O3	+H	393.2176	9.69	1.30	0.002	1/1		
TTOF0382	C24H28N2O3	+H	393.2172	30.26	1.03	0.272	1/1		
TTOF0383	C18H22N2S	+H	299.1578	16.78	1.16	0.060	1/1		
TTOF0384	C22H21Cl3N4O	+H	463.0855	31.45	1.22	0.074	1/1		
TTOF0385	C22H24N2O8	+H	445.1618	14.76	1.27	0.004	1/1		
TTOF0386	C26H30N6O3	+H	475.2451	8.93	1.14	0.303	1/1		
TTOF0387	C31H38N6O2	+H	527.3123	8.33	0.97	0.766	1/1		
TTOF0388	C31H38N6O2	+H	527.3123	9.92	1.09	0.366	1/1		
TTOF0389	C53H83NO14	+Na	980.5712	31.6	0.71	0.260	1/1		
TTOF0390	C5H11NO4S	+Na	204.0299	0.65	1.36	0.024	1/1		
TTOF0391	C20H36O2	+Na	331.2606	31.11	1.04	0.021	1/1		
TTOF0392	C20H28O5S	+NH4	398.1994	10.94	1.17	0.011	1/1		
TTOF0393	C18H17NO5	+NH4	345.1464	3.76	1.21	0.006	1/1		
TTOF0394	C21H25ClO6	+NH4	426.1676	17.11	2.04	0.059	2/1		
TTOF0395	C12H18O	+NH4	196.1695	14.74	1.17	0.144	1/1		
TTOF0396	C10H12O	+NH4	166.1223	3.79	1.15	0.078	1/1		
TTOF0397	C5H11NO2S	+NH4	167.0851	7.84	1.00	0.972	1/1		
TTOF0398	C26H29NO4S2	+H	484.1613	15.53	1.08	0.439	1/1		
TTOF0399	C20H23N	+H	278.1905	9.99	1.06	0.596	1/1		
TTOF0400	C7H15NO2	+H	146.1169	0.58	1.07	0.713	1/1		
TTOF0401	C16H25NO4S	+H	328.1578	3.35	1.27	0.004	1/1		
TTOF0402	C20H18N4O3	+H	363.1452	4.27	0.89	0.259	1/1		
TTOF0403	C27H28N2O3	+H	429.2171	10.02	1.07	0.583	1/1		
TTOF0404	C18H11BrN2O2	+H	367.0074	24.97	1.27	0.001	1/1		
TTOF0405	C19H12ClN3O2	+H	350.069	20.42	1.28	0.023	1/1		
TTOF0406	C14H16N2O	+H	229.1334	3.58	1.24	0.018	1/1		
TTOF0407	C28H33N7O2	+H	500.277	5.59	1.01	0.670	1/1		
TTOF0408	C17H13Cl2NO4	+H	366.0291	17.97	1.06	0.624	1/1		
TTOF0409	C14H11Cl3N2O3	+H	360.9906	28.99	1.18	0.143	1/1		
TTOF0410	C25H27NO2	+H	374.2117	19.41	1.03	0.533	1/1		
TTOF0411	C26H22Cl2N4O3	+H	509.1142	28.61	1.18	0.001	1/1		
TTOF0412	C29H32O7S	+H	525.1939	28.79	1.14	0.029	1/1		
TTOF0413	C18H13N3OS2	+H	352.0572	6.17	0.88	0.128	1/1		
TTOF0414	C28H35ClN6O3	+H	539.2532	4.04	0.97	0.550	1/1		
TTOF0415	C18H17NO4	+H	312.1232	23.7	0.97	0.332	1/1		
TTOF0416	C21H23N3O5	+H	398.1708	3.51	1.20	0.126	1/1		
TTOF0417	C18H19F3N6O	+H	393.1643	4.69	1.25	0.006	1/1		
TTOF0418	C23H19NO3	+H	358.1441	28.3	1.19	0.009	1/1		
TTOF0419	C35H51N5O4	+H	606.401	3.48	0.47	0.002	1/2		
TTOF0420	C13H16N4O2	+H	261.1347	3.47	1.21	0.003	1/1		
TTOF0421	C30H38ClN7O3	+H	580.2794	5.76	1.34	0.242	1/1		
TTOF0422	C17H13Br2N5OS	+H	495.9259	12.31	0.96	0.548	1/1		
TTOF0423	C18H16FN3O	+H	310.1351	7.1	1.33	0.000	1/1		
TTOF0424	C36H39NO5	+H	566.2902	25.4	1.23	0.019	1/1		
TTOF0425	C21H19FN6O2	+H	407.1625	4.86	1.33	0.054	1/1		
TTOF0426	C18H17F3N2O2	+H	351.1314	31.46	0.98	0.846	1/1		
TTOF0427	C19H20N2O2	+H	309.1598	5.24	1.37	0.020	1/1		
TTOF0428	C15H11Cl2NO3	+H	324.0188	17.9	0.77	0.230	1/1		
TTOF0429	C11H6F3NO2S	+H	274.0144	24.92	1.22	0.187	1/1		
TTOF0430	C26H34ClN6O2P	+H	529.2241	3.69	1.42	0.145	1/1		
TTOF0431	C21H24N4O2	+H	365.1973	21.05	1.01	0.633	1/1		
TTOF0432	C33H43N7O2	+H	570.3554	11.8	1.13	0.006	1/1		
TTOF0433	C20H16N6S	+H	373.1233	4.04	1.18	0.040	1/1		
TTOF0434	C16H25N3O3	+H	308.1966	4.97	1.07	0.190	1/1		
TTOF0435	C27H36N6O3S	+H	525.2641	3.95	1.09	0.009	1/1		
TTOF0436	C18H23F2N5O4S2	+H	476.1233	17.71	1.24	0.001	1/1		
TTOF0437	C28H36O15	+H	613.2122	7.45	1.33	0.021	1/1		
TTOF0438	C16H18N2O2	+H	271.1441	4.97	1.45	0.003	1/1		
TTOF0439	C24H23ClFN5O2	+H	468.1594	4.99	1.02	0.624	1/1		
TTOF0440	C24H23N3O5	+H	434.171	18.49	1.42	0.015	1/1		
TTOF0441	C21H15F4N5O2S	+H	478.0953	27.08	1.11	0.022	1/1		
TTOF0442	C48H78O19	+H	959.5209	9.88	0.68	0.078	1/1		
TTOF0443	C27H41NO2	+H	412.321	9.82	0.83	0.162	1/1		
TTOF0444	C13H12N2O	+H	213.1023	4.05	0.95	0.576	1/1		
TTOF0445	C20H24O6	+H	361.1647	8.76	1.13	0.193	1/1		
TTOF0446	C15H15FIN3O3	+H	432.0213	6.51	1.25	0.025	1/1		
TTOF0447	C28H36O3	+H	421.2738	32.13	1.07	0.298	1/1		
TTOF0448	C17H19FN4O4	+H	363.1456	4.27	0.90	0.274	1/1		
TTOF0449	C34H34F2N4O6	+H	633.2518	8.39	0.91	0.174	1/1		
TTOF0450	C25H22F3N5O4S	+H	546.142	20.18	1.18	0.022	1/1		
TTOF0451	C18H11F3N2O	+H	329.0893	26	1.40	0.004	1/1		
TTOF0452	C30H42N8O3	+H	563.3447	3.57	1.30	0.118	1/1		
TTOF0453	C9H9N3O2	+H	192.0767	3.26	1.14	0.072	1/1		
TTOF0454	C26H40O3	+H	401.3047	33.36	1.06	0.407	1/1		
TTOF0455	C22H30O4	+H	359.2214	14.41	1.09	0.272	1/1		
TTOF0456	C28H37N3O3S3	+H	560.2075	23.83	1.07	0.670	1/1		
TTOF0457	C24H26N4O4	+H	435.2028	7.97	1.34	0.015	1/1		
TTOF0458	C16H14Br2N4O4	+H	486.9431	30.82	1.08	0.349	1/1		
TTOF0459	C5H5N5S	+H	168.0326	35.89	1.19	0.411	1/1		
TTOF0460	C6H7NO2	+H	126.0544	0.68	0.89	0.798	1/1		
TTOF0461	C17H15BrClFN4O3	+H	459.0048	12.02	1.16	0.087	1/1		
TTOF0462	C21H16F4N4O2S	+H	465.1002	26.19	1.12	0.107	1/1		
TTOF0463	C21H20N4O3	+H	377.1606	3.52	1.03	0.677	1/1		
TTOF0464	C27H32ClN5O5	+H	542.2161	4.27	0.70	0.036	1/1		
TTOF0465	C19H17N5O7S3	+H	524.036	6.79	1.36	0.000	1/1		
TTOF0466	C26H33NO2	+H	392.2582	32.1	1.09	0.140	1/1		
TTOF0467	C33H38N4O6	+H	587.2867	5.9	1.11	0.135	1/1		
TTOF0468	C23H26F2N2O4	+H	433.193	27.82	1.14	0.221	1/1		
TTOF0469	C28H39N7O3	+H	522.3181	3.95	1.09	0.415	1/1		
TTOF0470	C29H31N7O	+H	494.266	4.27	0.84	0.496	1/1		
TTOF0471	C5H5N5	+H	136.0616	3.57	1.30	0.010	1/1		
TTOF0472	C35H28F3N5O2	+H	608.2268	24.99	1.19	0.010	1/1		
TTOF0473	C20H25NO4	+H	344.187	4.73	1.09	0.234	1/1		
TTOF0474	C12H22O11	+H	343.1235	31.51	1.53	0.142	1/1		
TTOF0475	C21H25N3O2S	+H	384.1744	6.41	0.87	0.340	1/1		
TTOF0476	C26H26ClN3	+H	416.1883	5.13	1.24	0.190	1/1		
TTOF0477	C18H18N2O3	+H	311.139	21.62	1.24	0.002	1/1		
TTOF0478	C22H30FN3O7	+H	468.2137	16.94	1.04	0.205	1/1		
TTOF0479	C20H32O2	+H	305.2476	25.81	1.13	0.152	1/1		
TTOF0480	C12H10N2O	+H	199.0867	3.34	1.16	0.014	1/1		
TTOF0481	C20H19N3O	+H	318.1601	16.74	0.93	0.003	1/1		
TTOF0482	C11H14ClN	+H	196.0887	4.47	0.90	0.115	1/1		
TTOF0483	C16H14N2O3	+H	283.1076	21.32	1.12	0.167	1/1		
TTOF0484	C23H36O3	+H	361.2734	32.5	1.10	0.240	1/1		
TTOF0485	C13H18Br2N2O	+H	378.9834	4.45	1.15	0.126	1/1		
TTOF0486	C20H21N5O6	+H	428.1557	3.59	1.44	0.022	1/1		
TTOF0487	C11H12N2O2	+H	205.0969	3.27	1.05	0.210	1/1		
TTOF0488	C21H17Cl3N4OS	+H	479.0259	29.08	1.25	0.038	1/1		
TTOF0489	C29H36O10	+H	545.238	8.59	1.01	0.869	1/1		
TTOF0490	C27H44O3	+H	417.336	34.39	1.22	0.018	1/1		
TTOF0491	C20H28O6	+H	365.1963	21.05	1.01	0.644	1/1		
TTOF0492	C17H17ClFN3O3	+H	366.1014	3.9	1.34	0.003	1/1		
TTOF0493	C14H25N3O9	+H	380.1688	4.85	0.91	0.037	1/1		
TTOF0494	C16H16O5	+H	289.1077	4.85	1.41	0.003	1/1		
TTOF0495	C19H20FN3O3	+H	358.1569	3.54	1.34	0.012	1/1		
TTOF0496	C8H12N4S3	+H	261.0315	25.83	1.45	0.058	1/1		
TTOF0497	C25H21F3N4O3S	+H	515.1372	31.28	1.08	0.447	1/1		
TTOF0498	C23H33N5O2	+H	412.2705	4.14	1.15	0.129	1/1		
TTOF0499	C25H24N4O2	+H	413.1973	4.29	1.20	0.052	1/1		
TTOF0500	C22H21NO3	+H	348.1595	26.78	1.20	0.015	1/1		
TTOF0501	C27H28N4O3S2	+H	521.1677	26.32	1.11	0.158	1/1		
TTOF0502	C26H24ClN3O3	+H	462.1573	8	1.16	0.121	1/1		
TTOF0503	C22H30N4O	+H	367.2488	3.86	1.26	0.026	1/1		
TTOF0504	C14H10F3N5O2	+H	338.0857	15.86	1.37	0.020	1/1		
TTOF0505	C24H23N5OS	+H	430.1698	30.29	1.12	0.270	1/1		
TTOF0506	C16H16N2OS	+H	285.1058	18.04	0.71	0.063	1/1		
TTOF0507	C16H14N2O2S2	+H	331.0568	25.83	1.22	0.050	1/1		
TTOF0508	C23H22N6O2	+H	415.1872	4.03	1.25	0.015	1/1		
TTOF0509	C16H10N2O2	+H	263.0815	13.92	1.32	0.012	1/1		
TTOF0510	C18H14N2O4	+H	323.1025	13.74	1.40	0.002	1/1		
TTOF0511	C18H21F3N6O2	+H	411.1751	5.02	1.50	0.000	1/1		
TTOF0512	C17H11F6N7O	+H	444.0999	24.62	1.09	0.130	1/1		
TTOF0513	C31H29N5O6S	+H	600.1912	31.42	1.08	0.159	1/1		
TTOF0514	C21H27N7O	+H	394.235	9.11	1.13	0.005	1/1		
TTOF0515	C18H14Cl2N2O2	+H	361.0507	27.52	1.02	0.673	1/1		
TTOF0516	C19H20ClN3	+H	326.1419	9.94	0.88	0.236	1/1		
TTOF0517	C19H23N3O3	+H	342.1811	13.75	1.28	0.000	1/1		
TTOF0518	C31H32N6O2	+H	521.2672	31.31	0.92	0.231	1/1		
TTOF0519	C25H34N4O2S	+H	455.2475	21.35	1.27	0.039	1/1		
TTOF0520	C17H13ClN4	+H	309.0906	31.22	1.20	0.040	1/1		
TTOF0521	C16H10BrN3O2	+H	356.0027	26.03	1.17	0.117	1/1		
TTOF0522	C23H30N8O3S	+H	499.226	4.06	1.16	0.491	1/1		
TTOF0523	C22H21Cl2IN4O	+H	555.0219	31.65	0.98	0.900	1/1		
TTOF0524	C21H28N6O2	+H	397.2345	4.4	1.14	0.099	1/1		
TTOF0525	C18H17Cl2FN4OS	+H	427.0553	13.45	1.22	0.031	1/1		
TTOF0526	C22H24N8OS	+H	449.1868	26.53	1.20	0.012	1/1		
TTOF0527	C22H29N7O5	+H	472.2292	16.48	0.55	0.004	1/2		
TTOF0528	C21H16FN7O	+H	402.1474	8.55	1.07	0.233	1/1		
TTOF0529	C22H20N6O3	+H	417.1669	7.51	1.25	0.063	1/1		
TTOF0530	C18H17F2N3O2	+H	346.1363	25.85	1.10	0.309	1/1		
TTOF0531	C30H27BrN4O2	+H	555.1387	15.84	1.09	0.298	1/1		
TTOF0532	C19H16N8O	+H	373.1515	3.76	1.44	0.017	1/1		
TTOF0533	C25H23N5O2S	+H	458.1645	8.65	1.20	0.320	1/1		
TTOF0534	C19H18N2O5S2	+H	419.0728	28.41	1.07	0.392	1/1		
TTOF0535	C13H9Cl2N5	+H	306.0306	8.21	1.20	0.011	1/1		
TTOF0536	C19H17N3O3	+H	336.134	5.87	0.92	0.110	1/1		
TTOF0537	C24H25N5O3S	+H	464.1748	9.52	1.28	0.170	1/1		
TTOF0538	C29H29N7O2	+H	508.2454	4.48	1.40	0.026	1/1		
TTOF0539	C26H24F4N6O	+H	513.2039	8.74	1.28	0.044	1/1		
TTOF0540	C21H17FN2O2	+H	349.1349	8.44	1.16	0.102	1/1		
TTOF0541	C26H29N5O2	+H	444.2392	7.45	1.26	0.002	1/1		
TTOF0542	C22H19ClN4O5	+H	455.1119	12.89	1.49	0.039	1/1		
TTOF0543	C25H52NO4P	+H	462.3703	33.01	0.93	0.539	1/1		
TTOF0544	C20H19N5	+H	330.1715	14.53	1.16	0.003	1/1		
TTOF0545	C18H25NO3Si	+H	332.168	32.14	1.03	0.691	1/1		
TTOF0546	C25H23N5O2	+H	426.1921	3.96	1.21	0.004	1/1		
TTOF0547	C21H18F3N3O3S2	+H	482.0816	29.75	1.13	0.296	1/1		
TTOF0548	C32H36N6O4	+H	569.2876	19.37	1.06	0.429	1/1		
TTOF0549	C16H13FN2O2	+H	285.1035	14.96	1.20	0.002	1/1		
TTOF0550	C16H14IN3O2	+H	408.0206	9.27	1.39	0.079	1/1		
TTOF0551	C16H15N3O2	+H	282.1237	4.67	1.30	0.022	1/1		
TTOF0552	C12H21N3O2	+H	240.1703	15.11	0.97	0.632	1/1		
TTOF0553	C24H16F3NO4	+H	440.11	31.2	1.14	0.077	1/1		
TTOF0554	C19H16ClNO4	+H	358.0844	30.59	1.10	0.024	1/1		
TTOF0555	C22H19FN4O2	+H	391.1563	4.32	1.29	0.023	1/1		
TTOF0556	C22H24Cl2N2O4	+H	451.1183	27.67	1.24	0.007	1/1		
TTOF0557	C18H24N6O	+H	341.2086	6.19	1.17	0.171	1/1		
TTOF0558	C9H11NOS	+H	182.0631	5.4	1.26	0.091	1/1		
TTOF0559	C16H15N3O3	+H	298.1184	3.82	1.39	0.022	1/1		
TTOF0560	C25H27N5O5	+H	478.2084	24.39	1.01	0.924	1/1		
TTOF0561	C15H12N2O	+H	237.1024	22.42	1.14	0.026	1/1		
TTOF0562	C29H24ClN3O3S	+H	530.1298	29.27	1.24	0.069	1/1		
TTOF0563	C32H36N2O3	+H	497.2799	31.58	1.30	0.026	1/1		
TTOF0564	C15H23N5O2S	+H	338.1645	3.46	1.27	0.027	1/1		
TTOF0565	C17H16N4O2S	+H	341.1067	5.51	1.38	0.018	1/1		
TTOF0566	C15H14O3S2	+H	307.0456	27.19	1.26	0.045	1/1		
TTOF0567	C27H24N2O5	+H	457.1759	27.51	1.05	0.076	1/1		
TTOF0568	C19H17NO3	+H	308.1283	16.78	1.10	0.107	1/1		
TTOF0569	C20H24FN5O3	+H	402.1935	26.33	1.07	0.300	1/1		
TTOF0570	C24H30ClN7O2S	+H	516.1946	9.59	0.94	0.522	1/1		
TTOF0571	C11H10N2O2S	+H	235.0535	13.02	1.17	0.135	1/1		
TTOF0572	C24H28N8O2	+H	461.2409	12.85	1.04	0.679	1/1		
TTOF0573	C17H12BrFN2O3	+H	391.0085	21.25	1.13	0.056	1/1		
TTOF0574	C34H36FN5O2	+H	566.2918	25.4	1.20	0.012	1/1		
TTOF0575	C22H18FN3O2	+H	376.1458	12.96	1.36	0.013	1/1		
TTOF0576	C22H30N4O6	+H	447.2234	21.62	1.13	0.014	1/1		
TTOF0577	C18H13ClF6N2O3	+H	455.0587	31.28	1.03	0.502	1/1		
TTOF0578	C19H21F3N6	+H	391.1853	4.64	0.86	0.099	1/1		
TTOF0579	C28H25FN6O3	+H	513.2046	8.74	1.27	0.034	1/1		
TTOF0580	C23H24N6	+H	385.2137	10.4	1.00	0.938	1/1		
TTOF0581	C18H17N3O4S	+H	372.101	5.02	1.29	0.000	1/1		
TTOF0582	C21H27N3O3	+H	370.2127	14.16	1.06	0.370	1/1		
TTOF0583	C25H28Cl2N4O2	+H	487.1662	4.05	1.00	0.982	1/1		
TTOF0584	C16H14BrN3O2	+H	360.0343	8.02	1.21	0.001	1/1		
TTOF0585	C21H19FN4O	+H	363.1613	22.41	1.07	0.277	1/1		
TTOF0586	C23H17FN6O2	+H	429.147	17.85	0.85	0.133	1/1		
TTOF0587	C21H19F4N7	+H	446.1704	5.74	1.40	0.060	1/1		
TTOF0588	C20H15NO3	+H	318.1124	21.95	1.92	0.050	2/1		
TTOF0589	C20H23ClFNO	+H	348.1527	13.49	1.15	0.053	1/1		
TTOF0590	C21H21N5	+H	344.1871	4.73	1.09	0.243	1/1		
TTOF0591	C21H16FN3OS	+H	378.107	4.07	1.33	0.015	1/1		
TTOF0592	C18H17N5O3S	+H	384.1122	8.21	1.60	0.001	1/1		
TTOF0593	C16H12F3NOS	+H	324.0665	29.31	1.08	0.013	1/1		
TTOF0594	C16H13NO2	+H	252.102	25.76	1.17	0.001	1/1		
TTOF0595	C16H13ClFN3O2	+H	334.0755	6.93	1.19	0.055	1/1		
TTOF0596	C23H28N8OS	+H	465.2193	32.47	0.96	0.776	1/1		
TTOF0597	C26H34N2O5Si	+H	483.2316	32.47	1.00	0.988	1/1		
TTOF0598	C15H18BrN7	+H	376.0875	3.75	1.37	0.003	1/1		
TTOF0599	C20H22N2O5	+H	371.1605	18.85	0.55	0.000	1/2		
TTOF0600	C12H11ClN2O2S	+H	283.0303	26.35	0.99	0.772	1/1		
TTOF0601	C30H33N3O5S	+H	548.2209	8.15	1.58	0.014	1/1		
TTOF0602	C16H15NO2	+H	254.118	5.69	1.56	0.016	1/1		
TTOF0603	C23H23F3N2O4	+H	449.1683	29.17	1.05	0.194	1/1		
TTOF0604	C17H15FN2O3	+H	315.1139	14.99	1.27	0.008	1/1		
TTOF0605	C32H38ClN3O2	+H	532.2721	19.98	0.78	0.003	1/1		
TTOF0606	C19H15Br2N3O3	+H	493.9527	27.05	1.18	0.114	1/1		
TTOF0607	C20H21N3O2	+H	336.1708	7.31	1.08	0.141	1/1		
TTOF0608	C16H16F3N3O3	+H	356.122	31.05	1.24	0.006	1/1		
TTOF0609	C20H31N3O2S2	+H	410.1933	32.44	1.11	0.241	1/1		
TTOF0610	C17H18N2O4	+H	315.1338	4.31	1.28	0.020	1/1		
TTOF0611	C24H27N5O3	+H	434.2186	15.54	1.16	0.060	1/1		
TTOF0612	C20H21NO4S	+H	372.1267	27.4	1.12	0.257	1/1		
TTOF0613	C10H8BrN5OS	+H	325.9705	5.65	1.47	0.009	1/1		
TTOF0614	C18H15Cl4N3OS	+H	463.9731	29.88	1.24	0.007	1/1		
TTOF0615	C16H15NO7S	+H	366.064	16.61	1.39	0.007	1/1		
TTOF0616	C13H12N4O2S2	+H	321.0476	10.98	1.21	0.084	1/1		
TTOF0617	C12H7F2NO3S2	+H	315.991	28.2	1.26	0.073	1/1		
TTOF0618	C22H20N2O5S	+H	425.1161	13.32	1.30	0.034	1/1		
TTOF0619	C16H14N2O4	+H	299.1028	23.64	1.15	0.148	1/1		
TTOF0620	C24H25ClFN5O3	+H	486.1696	4.79	1.39	0.002	1/1		
TTOF0621	C21H20F3N7O3S	+H	508.1371	6.6	1.34	0.005	1/1		
TTOF0622	C25H30N6O	+H	431.2552	5.11	1.29	0.034	1/1		
TTOF0623	C25H27FN4O3	+H	451.2141	10.9	1.01	0.680	1/1		
TTOF0624	C17H15BrF2N4O3	+H	441.0366	9.06	1.27	0.003	1/1		
TTOF0625	C23H25NO	+H	332.2007	13.77	0.89	0.011	1/1		
TTOF0626	C17H15NO3	+H	282.1126	11.78	1.15	0.053	1/1		
TTOF0627	C43H69NO12	+H	792.4889	31.41	1.05	0.534	1/1		
TTOF0628	C23H18N4O3	+H	399.1452	4.68	1.27	0.112	1/1		
TTOF0629	C18H17N5O3	+H	352.1402	3.74	1.30	0.005	1/1		
TTOF0630	C19H14F3N3O3	+H	390.1035	14.63	1.20	0.021	1/1		
TTOF0631	C24H18F3N3O4	+H	470.1322	15.91	1.10	0.153	1/1		
TTOF0632	C22H19N5O	+H	370.1652	3.39	1.01	0.913	1/1		
TTOF0633	C18H21N5O2S	+H	372.1486	3.98	1.44	0.000	1/1		
TTOF0634	C20H19ClFN5OS	+H	432.1056	4.97	1.05	0.424	1/1		
TTOF0635	C17H17N7	+H	320.1619	8.53	1.22	0.052	1/1		
TTOF0636	C25H23N7OS	+H	470.1758	14.44	1.29	0.038	1/1		
TTOF0637	C17H14ClF2N3O3S	+H	414.0483	23.71	1.17	0.049	1/1		
TTOF0638	C18H16N2OS	+H	309.1059	30.81	1.09	0.260	1/1		
TTOF0639	C23H28N4O2	+H	393.2286	12.87	1.29	0.020	1/1		
TTOF0640	C19H18F3N3O6	+H	442.1217	21.46	1.13	0.047	1/1		
TTOF0641	C27H30ClN7O2	+H	520.2222	12.94	1.05	0.339	1/1		
TTOF0642	C24H25F3N6S	+H	487.1883	4.63	1.12	0.011	1/1		
TTOF0643	C19H19N5OS	+H	366.1381	26.81	1.23	0.073	1/1		
TTOF0644	C25H20N4O2S2	+H	473.1102	28.78	1.08	0.413	1/1		
TTOF0645	C16H13F3N4O	+H	335.1116	20.78	1.09	0.113	1/1		
TTOF0646	C27H27N5O2	+H	454.2234	3.32	1.03	0.116	1/1		
TTOF0647	C19H26N6O	+H	355.2242	9.33	1.26	0.119	1/1		
TTOF0648	C19H16N2O2S2	+H	369.0722	29.32	1.08	0.220	1/1		
TTOF0649	C17H15N5O	+H	306.135	6.85	1.25	0.015	1/1		
TTOF0650	C25H30N4O2	+H	419.2443	6.5	1.02	0.818	1/1		
TTOF0651	C17H21ClN4O3S2	+H	429.0813	5.3	1.33	0.022	1/1		
TTOF0652	C19H24N8	+H	365.2193	3.23	1.30	0.049	1/1		
TTOF0653	C28H30F3N7O3	+H	570.2438	13.41	1.12	0.057	1/1		
TTOF0654	C26H21F3N4O4	+H	511.1589	27.3	1.24	0.131	1/1		
TTOF0655	C20H17F2N3O2	+H	370.1364	28.14	1.09	0.053	1/1		
TTOF0656	C25H27N7O3S2	+H	538.1687	13.6	1.13	0.020	1/1		
TTOF0657	C21H21N3O2S	+H	380.1427	10.7	1.10	0.201	1/1		
TTOF0658	C15H22N2O3	+H	279.1704	9.58	1.01	0.921	1/1		
TTOF0659	C30H40ClN7O3S	+H	614.2677	9.28	0.86	0.114	1/1		
TTOF0660	C26H27N5O2	+H	442.2224	17.92	18.52	0.000	16/1		
TTOF0661	C17H18BrN3O4S	+H	440.027	21.35	1.20	0.009	1/1		
TTOF0662	C29H31F3N6O3	+H	569.2484	13.55	1.02	0.628	1/1		
TTOF0663	C14H7F6N3O	+H	348.0567	27.9	1.18	0.015	1/1		
TTOF0664	C16H14ClN3O2	+H	316.0849	7.3	1.06	0.016	1/1		
TTOF0665	C18H18N4O3S2	+H	403.089	6	1.31	0.009	1/1		
TTOF0666	C20H27N7O3S	+H	446.1965	6.74	1.36	0.032	1/1		
TTOF0667	C21H19N5O2S	+H	406.1343	31.92	1.04	0.169	1/1		
TTOF0668	C23H21N5O3	+H	416.1713	6.48	1.25	0.006	1/1		
TTOF0669	C18H17ClN2O3S	+H	377.0723	27.73	1.12	0.193	1/1		
TTOF0670	C19H17N3O2S2	+H	384.0835	24.82	1.37	0.004	1/1		
TTOF0671	C34H37N5O4	+H	580.2915	28.05	1.12	0.009	1/1		
TTOF0672	C19H18ClN5OS	+H	400.0994	15.61	1.00	0.926	1/1		
TTOF0673	C22H22FN3O3	+H	396.1717	10.27	1.27	0.001	1/1		
TTOF0674	C24H19N3O6	+H	446.1342	31.14	1.14	0.259	1/1		
TTOF0675	C27H28N4O2	+H	441.2286	6.71	1.10	0.000	1/1		
TTOF0676	C26H19F3N4O	+H	461.1585	25.81	1.13	0.085	1/1		
TTOF0677	C29H27N7O4S	+H	570.191	3.66	1.39	0.022	1/1		
TTOF0678	C17H14ClF2IN2O2	+H	478.9827	31.26	0.86	0.101	1/1		
TTOF0679	C12H9ClN2O4	+H	281.0324	18.81	1.19	0.030	1/1		
TTOF0680	C22H25N3O3	+H	380.1963	3.58	1.52	0.002	1/1		
TTOF0681	C19H23N9O	+H	394.2095	5.12	1.20	0.043	1/1		
TTOF0682	C18H16N4O3S	+H	369.1018	22.93	1.21	0.061	1/1		
TTOF0683	C19H23N5O3	+H	370.1872	21.69	1.15	0.036	1/1		
TTOF0684	C23H28N4O4S	+H	457.1905	26.7	1.13	0.268	1/1		
TTOF0685	C27H40N8O7	+H	589.3095	4.59	1.21	0.118	1/1		
TTOF0686	C13H8N6	+H	249.0883	3.8	1.30	0.015	1/1		
TTOF0687	C18H12Cl2N4O4S	+H	451.0026	30.42	1.21	0.005	1/1		
TTOF0688	C22H15Br2N3O4	+H	545.9482	31.21	1.44	0.066	1/1		
TTOF0689	C37H61N7O2	+H	636.4953	3.34	1.07	0.311	1/1		
TTOF0690	C23H25N3O3S	+H	424.169	16.79	1.23	0.007	1/1		
TTOF0691	C23H24FN9O	+H	462.2162	22.67	1.18	0.069	1/1		
TTOF0692	C20H20N4O	+H	333.1701	32.14	0.95	0.610	1/1		
TTOF0693	C26H35N7O2S	+H	510.261	7.56	1.09	0.234	1/1		
TTOF0694	C21H16Cl2N4OS	+H	443.0497	31.04	1.12	0.135	1/1		
TTOF0695	C29H23N5O3S	+H	522.1596	23.71	1.22	0.185	1/1		
TTOF0696	C19H23N7O2	+H	382.1968	3.35	1.29	0.007	1/1		
TTOF0697	C26H43N5O7	+H	538.3236	16.99	1.12	0.165	1/1		
TTOF0698	C18H21N3OS	+H	328.1479	26.2	1.42	0.013	1/1		
TTOF0699	C22H21ClN2O3	+H	397.1311	13.44	1.06	0.285	1/1		
TTOF0700	C6H7N5	+H	150.0773	0.6	0.91	0.623	1/1		
TTOF0701	C28H34N2O	+H	415.2745	18.99	1.13	0.133	1/1		
TTOF0702	C7H5N5S2	+H	224.0058	5.47	1.29	0.008	1/1		
TTOF0703	C12H15N3O2	+H	234.1233	0.59	2.81	0.014	4/1		
TTOF0704	C26H31N3O5	+H	466.2338	7.68	1.31	0.004	1/1		
TTOF0705	C25H17F2N5O3S	+H	506.1092	16.83	1.18	0.074	1/1		
TTOF0706	C18H18N4	+H	291.1602	0.64	1.80	0.026	2/1		
TTOF0707	C13H14ClN3O2	+H	280.0848	6.98	1.41	0.003	1/1		
TTOF0708	C15H13N5OS	+H	312.0916	5.88	1.20	0.050	1/1		
TTOF0709	C18H15NO4	+H	310.108	30.81	1.07	0.396	1/1		
TTOF0710	C23H26FN6O9P	+H	581.1556	6.93	1.25	0.020	1/1		
TTOF0711	C28H30N6OS	+H	499.2268	4.06	1.19	0.427	1/1		
TTOF0712	C26H31BrN8O	+H	551.1871	3.7	1.43	0.005	1/1		
TTOF0713	C29H31F3N2O3	+H	513.2363	21.84	1.08	0.387	1/1		
TTOF0714	C24H20F3N5O	+H	452.1692	17.31	0.93	0.214	1/1		
TTOF0715	C18H15ClN6OS2	+H	431.0505	10.63	1.33	0.004	1/1		
TTOF0716	C15H19N7O3S	+H	378.1342	5.64	1.88	0.013	2/1		
TTOF0717	C31H33N3O5	+H	528.2489	7.84	1.46	0.000	1/1		
TTOF0718	C20H22F3N5O	+H	406.1847	4.38	0.63	0.011	1/2		
TTOF0719	C19H12N2O2Cl2	+H	371.0347	28.97	1.17	0.185	1/1		
TTOF0720	C23H25ClFN7O	+H	470.1864	11.51	1.10	0.077	1/1		
TTOF0721	C15H14F2N4S	+H	321.098	3.77	1.31	0.001	1/1		
TTOF0722	C14H12N4OS	+H	285.0803	3.19	1.91	0.002	2/1		
TTOF0723	C21H18Cl2N2O4	+H	433.0713	31.28	1.19	0.025	1/1		
TTOF0724	C25H33N7O2	+H	464.2762	3.56	1.12	0.069	1/1		
TTOF0725	C25H25BrN6O2	+H	521.1292	11.5	1.08	0.112	1/1		
TTOF0726	C19H20FN5	+H	338.1776	5.93	1.03	0.350	1/1		
TTOF0727	C9H7ClFN5O2	+H	272.0344	15.48	1.21	0.063	1/1		
TTOF0728	C30H28FN7O3	+H	554.2312	24.25	1.31	0.022	1/1		
TTOF0729	C23H21Cl2FN4O3	+H	491.105	13.16	1.18	0.045	1/1		
TTOF0730	C25H30N2O5	+H	439.223	30.57	1.05	0.261	1/1		
TTOF0731	C18H25N5S2	+H	376.1626	9.51	1.34	0.061	1/1		
TTOF0732	C25H22N2O2	+H	383.1756	28.13	1.27	0.004	1/1		
TTOF0733	C28H41N7O3	+H	524.3346	13.41	1.09	0.251	1/1		
TTOF0734	C21H18FN5O	+H	376.1569	22.76	1.21	0.000	1/1		
TTOF0735	C22H20Br2N2O2	+H	504.994	31.61	0.99	0.925	1/1		
TTOF0736	C27H31N7O2	+H	486.2611	4.03	0.67	0.009	1/1		
TTOF0737	C24H29N3O2	+H	392.2333	9.25	0.90	0.110	1/1		
TTOF0738	C13H20Cl2N2	+H	275.1078	3.5	0.93	0.222	1/1		
TTOF0739	C15H14N2O	+H	239.1163	27.73	1.01	0.793	1/1		
TTOF0740	C17H17N3O2	+H	296.1393	3.36	1.34	0.001	1/1		
TTOF0741	C18H22N2O	+H	283.1806	10.23	0.99	0.863	1/1		
TTOF0742	C19H16N2O5	+H	353.1133	25.96	1.26	0.005	1/1		
TTOF0743	C19H16N2O5	+H	353.1127	27.5	1.28	0.009	1/1		
TTOF0744	C20H17Cl2N9O2	+H	486.0951	7.88	1.09	0.316	1/1		
TTOF0745	C22H21N3O3S	+H	408.1378	28.46	1.18	0.000	1/1		
TTOF0746	C22H21N3O3S	+H	408.1333	31.92	1.11	0.052	1/1		
TTOF0747	C23H20N6O	+H	397.177	3.86	1.53	0.015	1/1		
TTOF0748	C23H20N6O	+H	397.1769	4.85	0.85	0.081	1/1		
TTOF0749	C23H21N5O3S	+H	448.1437	6	1.30	0.043	1/1		
TTOF0750	C24H29N7O2	+H	448.2461	11.12	1.33	0.033	1/1		
TTOF0751	C25H31N5O4	+H	466.2449	9.32	1.31	0.142	1/1		
TTOF0752	C25H31N5O4	+H	466.245	8.69	1.08	0.090	1/1		
TTOF0753	C29H27F3N6O	+H	533.2272	18.3	1.27	0.002	1/1		
TTOF0754	C37H40N2O6	+H	609.2954	3.88	0.78	0.113	1/1		
TTOF0755	C25H31N7O6	+Na	548.2211	8.15	1.60	0.011	2/1		
TTOF0756	C19H14N2O4	+Na	357.0843	15.04	1.73	0.011	2/1		
TTOF0757	C16H18N2OS	+Na	309.1057	30.81	1.08	0.256	1/1		
TTOF0758	C14H16N2O2S	+Na	299.0795	14.19	1.27	0.127	1/1		
TTOF0759	C17H12N2O2	+Na	299.0814	13.34	0.97	0.107	1/1		
TTOF0760	C22H33N8O6S2	+Na	592.1881	31.53	1.61	0.567	1/1		
TTOF0761	C19H20N4O2	+Na	359.1468	28.3	1.25	0.028	1/1		
TTOF0762	C35H46O20	+NH4	804.2916	3.42	1.39	0.039	1/1		
TTOF0763	C29H24F3N5O	+NH4	533.2272	18.3	1.27	0.002	1/1		
TTOF0764	C26H44O4	+NH4	438.357	31	1.03	0.497	1/1		
TTOF0765	C24H27N7O	+NH4	447.2574	26.99	1.11	0.561	1/1		
TTOF0766	C32H37N4O12S3	+H	766.1635	31.79	1.27	0.000	1/1		
TTOF0767	C19H24N2S	+H	313.1765	3.39	1.23	0.039	1/1		
TTOF0768	C19H24N2S	+H	313.173	5.07	1.17	0.177	1/1		
TTOF0769	C19H24N2S	+H	313.1768	32.26	0.96	0.704	1/1		
TTOF0770	C15H25NO3	+H	268.1887	7.84	1.06	0.317	1/1		
TTOF0771	C11H11N5	+H	214.1106	7.45	1.41	0.015	1/1		
TTOF0772	C11H11N5	+H	214.1103	28.41	1.15	0.081	1/1		
TTOF0773	C21H28O5	+H	361.1987	31.44	1.15	0.139	1/1		
TTOF0774	C21H26N2S2	+H	371.16	9.65	1.09	0.318	1/1		
TTOF0775	C18H28N2O4	+H	337.2167	13.04	1.30	0.001	1/1		
TTOF0776	C21H19F2N3O3	+H	400.1473	4.68	1.39	0.057	1/1		
TTOF0777	C21H19F2N3O3	+H	400.1427	27.69	1.22	0.051	1/1		
TTOF0778	C25H31NO6	+H	442.2233	3.24	0.97	0.831	1/1		
TTOF0779	C22H38O5	+H	383.2788	13.04	0.98	0.770	1/1		
TTOF0780	C12H20N4O7	+H	333.1411	13.48	1.15	0.178	1/1		
TTOF0781	C17H16FN3O2S	+H	346.1025	4.78	1.56	0.003	1/1		
TTOF0782	C17H16FN3O2S	+H	346.1022	13.08	1.07	0.133	1/1		
TTOF0783	C22H28F2O5	+H	411.196	32.44	1.09	0.324	1/1		
TTOF0784	C20H29FO3	+H	337.2127	3.78	0.06	0.000	1/16		
TTOF0785	C16H21N5O2	+H	316.1767	0.6	1.11	0.523	1/1		
TTOF0786	C21H23N7O2S	+H	438.1719	32.47	0.87	0.373	1/1		
TTOF0787	C15H13NO3	+H	256.0966	3.74	1.84	0.002	2/1		
TTOF0788	C15H13NO3	+H	256.0992	5.93	1.06	0.067	1/1		
TTOF0789	C15H22N2O	+H	247.1805	12.02	0.88	0.159	1/1		
TTOF0790	C15H22N2O	+H	247.1804	24.68	1.41	0.069	1/1		
TTOF0791	C19H17N5O2	+H	348.1423	25.55	1.04	0.642	1/1		
TTOF0792	C14H17N3O2S	+H	292.1086	28.81	1.26	0.010	1/1		
TTOF0793	C27H31N7OS	+H	502.2354	14.91	1.14	0.109	1/1		
TTOF0794	C27H37N3O7S	+H	548.2492	29.31	0.90	0.180	1/1		
TTOF0795	C20H19F2N3O5	+H	420.1304	6.51	1.12	0.457	1/1		
TTOF0796	C20H23NO4	+H	342.1691	0.59	2.72	0.007	4/1		
TTOF0797	C22H29N3O4S	+H	432.1896	14.95	0.97	0.811	1/1		
TTOF0798	C15H14N2O2	+H	255.1127	3.47	0.98	0.756	1/1		
TTOF0799	C9H12ClN5O	+H	242.0805	2.01	1.11	0.009	1/1		
TTOF0800	C14H10N4O5	+H	315.0768	31.05	1.03	0.337	1/1		
TTOF0801	C17H21NO3	+H	288.1597	2.31	1.19	0.013	1/1		
TTOF0802	C24H30O6	+H	415.2113	11.83	1.31	0.004	1/1		
TTOF0803	C24H30O6	+H	415.2117	27	1.34	0.012	1/1		
TTOF0804	C19H18N2O4S	+H	371.107	4.04	1.00	0.964	1/1		
TTOF0805	C19H18N2O4S	+H	371.1059	23.76	1.21	0.001	1/1		
TTOF0806	C19H18N2O4S	+H	371.1008	31.39	1.08	0.842	1/1		
TTOF0807	C19H18N2O4S	+H	371.1016	31.96	1.42	0.530	1/1		
TTOF0808	C19H18N2O4S	+H	371.1016	32.74	0.91	0.795	1/1		
TTOF0809	C19H18N2O4S	+H	371.1012	34.07	0.87	0.732	1/1		
TTOF0810	C24H26FNO4	+H	412.1958	18.18	1.12	0.221	1/1		
TTOF0811	C24H26FNO4	+H	412.1911	32.44	1.15	0.202	1/1		
TTOF0812	C16H25NO4	+H	296.1837	5.17	1.34	0.025	1/1		
TTOF0813	C22H22N2O4	+H	379.166	4.85	0.96	0.344	1/1		
TTOF0814	C22H22N2O4	+H	379.1652	7.68	1.40	0.004	1/1		
TTOF0815	C22H22N2O4	+H	379.1615	9.51	1.37	0.006	1/1		
TTOF0816	C22H22N2O4	+H	379.1651	25.55	1.08	0.838	1/1		
TTOF0817	C15H9FN2O3	+H	285.07	9.06	1.05	0.473	1/1		
TTOF0818	C20H25NO2S2	+H	376.14	13.77	1.17	0.018	1/1		
TTOF0819	C9H14N4O3	+H	227.1142	10.9	1.18	0.169	1/1		
TTOF0820	C25H25N5O4	+H	460.192	26.7	1.20	0.028	1/1		
TTOF0821	C10H17NOS	+H	200.1103	3.27	0.98	0.834	1/1		
TTOF0822	C12H11NO	+H	186.0886	3.39	0.95	0.789	1/1		
TTOF0823	C15H21N3O2S	+H	308.1404	9.28	1.29	0.005	1/1		
TTOF0824	C6H8N2	+H	109.0754	3.52	1.18	0.135	1/1		
TTOF0825	C6H8N2	+H	109.0755	4.85	1.76	0.028	2/1		
TTOF0826	C21H43N5O7	+H	478.3273	27.74	1.04	0.881	1/1		
TTOF0827	C16H20N6O	+H	313.1733	5.07	1.20	0.166	1/1		
TTOF0828	C16H20N6O	+H	313.174	12.32	4.57	0.000	4/1		
TTOF0829	C16H20N6O	+H	313.1772	32.27	0.97	0.774	1/1		
TTOF0830	C19H20FNO3	+H	330.1487	26.78	1.27	0.026	1/1		
TTOF0831	C24H32O7	+H	433.222	30.06	1.13	0.126	1/1		
TTOF0832	C13H15NO3	+H	234.1125	29.49	1.18	0.064	1/1		
TTOF0833	C13H15NO3	+H	234.1125	30.57	1.17	0.038	1/1		
TTOF0834	C12H13NO3	+H	220.0984	31.31	1.25	0.011	1/1		
TTOF0835	C8H11NO2	+H	154.0855	3.4	1.83	0.128	2/1		
TTOF0836	C8H11NO2	+H	154.086	31.66	0.21	0.037	1/4		
TTOF0837	C8H11NO2	+H	154.0859	31.72	0.14	0.000	1/4		
TTOF0838	C12H11N5	+H	226.1114	10.9	1.15	0.078	1/1		
TTOF0839	C8H13NO2	+H	156.1015	3.33	1.18	0.074	1/1		
TTOF0840	C15H12O2	+H	225.0915	10.98	1.08	0.176	1/1		
TTOF0841	C13H16N4O6	+H	325.1131	25.9	1.94	0.015	2/1		
TTOF0842	C15H24N2O2	+H	265.1912	2.17	1.20	0.113	1/1		
TTOF0843	C15H24N2O	+H	249.1963	1.55	0.96	0.596	1/1		
TTOF0844	C15H24N2O	+H	249.196	18.99	1.50	0.034	1/1		
TTOF0845	C21H24N4O2S	+H	397.1736	10.26	1.25	0.069	1/1		
TTOF0846	C26H24N8O2	+H	481.2147	12.79	0.28	0.000	1/4		
TTOF0847	C18H10F3NO3S2	+H	410.0126	29.75	0.37	0.010	1/2		
TTOF0848	C18H10F3NO3S2	+H	410.0126	30.02	0.69	0.011	1/1		
TTOF0849	C22H22F3N3O3	+H	434.1698	18.48	1.39	0.021	1/1		
TTOF0850	C21H24FN5O5S	+H	478.1589	8.57	1.11	0.301	1/1		
TTOF0851	C27H31FN6OS	+H	507.2315	14.93	1.06	0.154	1/1		
TTOF0852	C15H15N7O	+H	310.141	4.12	1.40	0.003	1/1		
TTOF0853	C30H22N4O2	+H	471.1799	14.58	7.96	0.000	16/1		
TTOF0854	C25H27N3O2S	+H	434.1953	27.82	1.24	0.075	1/1		
TTOF0855	C14H16ClN5O2S	+H	354.0787	5.67	1.12	0.325	1/1		
TTOF0856	C27H27N7O2S	+H	514.2009	7.15	1.19	0.324	1/1		
TTOF0857	C27H27N7O2S	+H	514.2063	8.74	1.26	0.032	1/1		
TTOF0858	C10H7NO2	+H	174.0574	4.43	1.55	0.005	1/1		
TTOF0859	C10H7NO2	+H	174.0528	13.41	1.10	0.072	1/1		
TTOF0860	C20H20N4O3	+H	365.1583	4.28	0.89	0.466	1/1		
TTOF0861	C28H31N5O	+H	454.2623	4.83	1.05	0.553	1/1		
TTOF0862	C27H31FN4O2	+H	463.2551	6.11	1.19	0.104	1/1		
TTOF0863	C20H21N5O4	+H	396.171	10.27	1.29	0.003	1/1		
TTOF0864	C22H20FN3O2	+H	378.1598	9.51	1.34	0.029	1/1		
TTOF0865	C24H18FN3O2	+H	400.1473	4.07	0.35	0.001	1/4		
TTOF0866	C24H18FN3O2	+H	400.1472	4.68	1.39	0.056	2/1		
TTOF0867	C24H18FN3O2	+H	400.1427	27.69	1.22	0.060	1/1		
TTOF0868	C12H17N3O3S	+H	284.1099	21.32	1.16	0.202	1/1		
TTOF0869	C31H38N8O3	+H	571.3095	14.79	1.24	0.062	1/1		
TTOF0870	C12H7N3O2S	+H	258.033	6.29	1.24	0.057	1/1		
TTOF0871	C7H15N	+H	114.1272	12.32	5.60	0.000	4/1		
TTOF0872	C26H22FN7O3	+H	500.1895	24.39	1.12	0.007	1/1		
TTOF0873	C17H18F3N3O3	+H	370.1372	28.14	1.09	0.043	1/1		
TTOF0874	C20H21FN6O5	+H	445.1603	5.23	1.23	0.005	1/1		
TTOF0875	C22H24N2O8	+H	445.1602	5.23	1.22	0.008	1/1		
TTOF0876	C20H22O8		390.1269	26.96	0.96	0.665	1/1		
TTOF0877	C25H27NO2	+H	374.2115	18.53	1.12	0.037	1/1		
TTOF0878	C18H17NO4	+H	312.1239	5.6	1.17	0.280	1/1		
TTOF0879	C18H17NO4	+H	312.123	21.26	1.12	0.011	1/1		
TTOF0880	C18H16FN3O	+H	310.1342	16.77	1.14	0.161	1/1		
TTOF0881	C36H39NO5	+H	566.2917	7.75	0.80	0.036	1/1		
TTOF0882	C19H20N2O2	+H	309.1599	4.42	0.66	0.012	1/1		
TTOF0883	C11H6F3NO2S	+H	274.0156	32.26	0.83	0.482	1/1		
TTOF0884	C20H16N6S	+H	373.1286	27.4	1.12	0.323	1/1		
TTOF0885	C24H23N3O5	+H	434.1701	12.73	1.13	0.022	1/1		
TTOF0886	C34H34F2N4O6	+H	633.2555	31.15	1.09	0.410	1/1		
TTOF0887	C9H9N3O2	+H	192.0781	6.9	1.23	0.035	1/1		
TTOF0888	C9H9N3O2	+H	192.075	20.56	1.19	0.089	1/1		
TTOF0889	C21H20N4O3	+H	377.1599	22.76	1.20	0.003	1/1		
TTOF0890	C26H33NO2	+H	392.2585	28.9	1.08	0.425	1/1		
TTOF0891	C8H10FN3O3S	+H	248.05	2.01	1.11	0.458	1/1		
TTOF0892	C8H10FN3O3S	+H	248.0487	22.93	1.17	0.566	1/1		
TTOF0893	C29H31N7O	+H	494.2657	18.09	1.04	0.445	1/1		
TTOF0894	C12H22O11	+H	343.1204	8.02	1.42	0.003	1/1		
TTOF0895	C18H18N2O3	+H	311.143	4.12	1.36	0.006	1/1		
TTOF0896	C18H18N2O3	+H	311.1379	7.1	1.29	0.011	1/1		
TTOF0897	C11H14ClN	+H	196.0888	3.56	1.08	0.310	1/1		
TTOF0898	C16H14N2O3	+H	283.1076	31	1.46	0.004	1/1		
TTOF0899	C14H25N3O9	+H	380.1665	27.68	0.93	0.698	1/1		
TTOF0900	C16H16O5	+H	289.1067	3.26	1.48	0.005	1/1		
TTOF0901	C16H16O5	+H	289.1081	7.45	1.49	0.054	1/1		
TTOF0902	C16H16O5	+H	289.1071	9.58	1.38	0.015	1/1		
TTOF0903	C26H24ClN3O3	+H	462.1575	14.56	1.17	0.032	1/1		
TTOF0904	C16H16N2OS	+H	285.1086	4.01	1.22	0.014	1/1		
TTOF0905	C16H16N2OS	+H	285.1037	14.96	1.20	0.001	1/1		
TTOF0906	C16H10N2O2	+H	263.0813	10.67	1.15	0.118	1/1		
TTOF0907	C17H11F6N7O	+H	444.1046	4.05	1.41	0.030	1/1		
TTOF0908	C21H27N7O	+H	394.2313	12.87	1.18	0.082	1/1		
TTOF0909	C21H27N7O	+H	394.237	31.56	0.10	0.000	1/16		
TTOF0910	C23H27ClO7	+H	451.1514	13.01	1.16	0.193	1/1		
TTOF0911	C22H29N7O5	+H	472.2297	3.49	1.07	0.433	1/1		
TTOF0912	C19H16N8O	+H	373.1569	18.85	0.55	0.000	1/2		
TTOF0913	C19H16N8O	+H	373.1569	31.61	0.90	0.452	1/1		
TTOF0914	C19H17N3O3	+H	336.1341	24.39	1.12	0.097	1/1		
TTOF0915	C16H13FN2O2	+H	285.1049	18.04	0.72	0.061	1/1		
TTOF0916	C15H12N2O	+H	237.1023	11.39	1.18	0.183	1/1		
TTOF0917	C34H36FN5O2	+H	566.2928	7.75	0.79	0.017	1/1		
TTOF0918	C22H18FN3O2	+H	376.1408	13.77	1.26	0.008	1/1		
TTOF0919	C21H19F4N7	+H	446.1698	6.37	1.32	0.007	1/1		
TTOF0920	C21H19F4N7	+H	446.1721	9.04	1.27	0.023	1/1		
TTOF0921	C21H19F4N7	+H	446.1655	14.76	1.27	0.008	1/1		
TTOF0922	C16H13NO2	+H	252.1052	5.53	1.41	0.019	1/1		
TTOF0923	C16H13NO2	+H	252.0994	8.53	1.12	0.147	1/1		
TTOF0924	C16H13NO2	+H	252.102	13.34	1.17	0.108	1/1		
TTOF0925	C23H28N8OS	+H	465.2177	5.67	0.94	0.474	1/1		
TTOF0926	C20H22N2O5	+H	371.1599	9.65	1.09	0.309	1/1		
TTOF0927	C16H15NO2	+H	254.1207	4.11	1.60	0.009	1/1		
TTOF0928	C17H15FN2O3	+H	315.115	22.32	1.03	0.784	1/1		
TTOF0929	C17H15FN2O3	+H	315.1139	24.44	1.02	0.787	1/1		
TTOF0930	C17H15FN2O3	+H	315.1157	31.59	1.21	0.173	1/1		
TTOF0931	C20H31N3O2S2	+H	410.1984	18.19	1.19	0.232	1/1		
TTOF0932	C24H27N5O3	+H	434.2179	6.07	1.19	0.035	1/1		
TTOF0933	C24H27N5O3	+H	434.2243	22.78	1.09	0.033	1/1		
TTOF0934	C25H30N6O	+H	431.2612	12.39	0.52	0.000	1/2		
TTOF0935	C19H14F3N3O3	+H	390.1058	26.12	1.17	0.086	1/1		
TTOF0936	C27H26N4O2S	+H	471.1803	14.58	8.20	0.000	16/1		
TTOF0937	C24H25F3N6S	+H	487.1856	5.56	1.43	0.000	1/1		
TTOF0938	C24H25F3N6S	+H	487.1857	8.46	1.15	0.045	1/1		
TTOF0939	C19H16N2O2S2	+H	369.0726	5.56	0.85	0.347	1/1		
TTOF0940	C19H24N8	+H	365.2162	6.51	1.17	0.229	1/1		
TTOF0941	C21H21N3O2S	+H	380.1426	14.83	1.17	0.005	1/1		
TTOF0942	C26H27N5O2	+H	442.2234	3.24	0.97	0.841	1/1		
TTOF0943	C26H27N5O2	+H	442.2304	6.71	1.12	0.010	1/1		
TTOF0944	C22H22FN3O3	+H	396.1664	6.29	1.59	0.005	1/1		
TTOF0945	C22H22FN3O3	+H	396.1702	6.71	1.16	0.096	1/1		
TTOF0946	C19H23N9O	+H	394.2097	12.35	1.13	0.110	1/1		
TTOF0947	C19H23N9O	+H	394.2107	16.79	1.15	0.141	1/1		
TTOF0948	C23H25N3O3S	+H	424.1735	26.33	0.95	0.233	1/1		
TTOF0949	C26H35N7O2S	+H	510.2641	3.66	1.05	0.512	1/1		
TTOF0950	C12H15N3O2	+H	234.1239	1.94	1.12	0.077	1/1		
TTOF0951	C18H18N4	+H	291.1604	2.24	1.16	0.379	1/1		
TTOF0952	C15H13N5OS	+H	312.0905	31.22	1.19	0.013	1/1		
TTOF0953	C15H19N7O3S	+H	378.1369	13.77	1.20	0.010	1/1		
TTOF0954	C15H19N7O3S	+H	378.1343	27.8	1.21	0.139	1/1		
TTOF0955	C14H12N4OS	+H	285.0803	23.71	1.03	0.713	1/1		
TTOF0956	C18H25N5S2	+H	376.1572	22.76	1.26	0.001	1/1		
TTOF0957	C21H18FN5O	+H	376.1621	9.51	1.30	0.066	1/1		
TTOF0958	C12H11NO3	+H	218.0811	3.79	1.24	0.014	1/1		
TTOF0959	C19H16N2O5	+H	353.1129	13.34	0.94	0.004	1/1		
TTOF0960	C23H20N6O	+H	397.1746	10.26	1.29	0.063	1/1		
TTOF0961	C14H16N2O2S	+Na	299.0823	13.34	0.98	0.266	1/1		
TTOF0962	C20H12N2O3S	+Na	383.046	13.06	1.36	0.081	1/1		
TTOF0963	C20H12N2O3S	+Na	383.0469	19.13	1.16	0.023	1/1		
TTOF0964	C17H12N2O2	+Na	299.079	14.19	1.27	0.104	1/1		
TTOF0965	C17H12N2O2	+Na	299.0787	6	1.08	0.819	1/1		
TTOF0966	C17H12N2O2	+Na	299.0833	10	1.36	0.064	1/1		
TTOF0967	C17H12N2O2	+Na	299.0792	23.27	1.37	0.000	1/1		
TTOF0968	C19H26O3	+Na	325.177	6.07	1.27	0.044	1/1		
TTOF0969	C19H20N4O2	+Na	359.1428	17.22	0.97	0.692	1/1		
TTOF0970	C19H20N4O2	+Na	359.1496	31.73	1.20	0.052	1/1		