feature_id	mz	rt	adduct	formula	fold_change	p_value	ratio	is_differential
QEHF0001	371.1617	18.85	[M-H]+	C21H26N2S2	0.474166236	0.000481081	1\2	1
QEHF0002	442.2233	17.66	[M-H]+	C25H31NO6	21.23098161	1.25E-06	16\1	1
QEHF0003	292.1118	3.01	[M-H]+	C14H17N3O2S	1.905321527	0.019355873	2\1	1
QEHF0004	502.2395	22.78	[M-H]+	C27H31N7OS	1.062849335	0.28986551	1\1	0
QEHF0005	342.1706	3.37	[M-H]+	C20H23NO4	1.066033105	0.399051872	1\1	0
QEHF0006	455.1791	17.2	[M-H]+	C20H22N8O5	0.932390302	0.098452281	1\1	0
QEHF0007	408.1344	29.02	[M-H]+	C21H24ClO6	0.835627887	0.156712476	1\1	0
QEHF0008	359.2447	0.58	[M-H]+	C20H30N4O2	0.987862097	0.84745583	1\1	0
QEHF0009	527.3126	26.96	[M-H]+	C31H38N6O2	0.85373701	0.15089754	1\1	0
QEHF0010	571.3155	5.54	[M-H]+	C31H38N8O3	1.007478852	0.932428468	1\1	0
QEHF0011	360.9916	28.92	[M-H]+	C14H11Cl3N2O3	0.950412216	0.462776015	1\1	0
QEHF0012	312.1234	23.36	[M-H]+	C18H17NO4	0.667123798	0.073136053	1\1	0
QEHF0013	205.0975	3.34	[M-H]+	C11H12N2O2	0.910743602	0.113022574	1\1	0
QEHF0014	338.0867	3.32	[M-H]+	C15H20BrN3O	0.93856426	0.406225243	1\1	0
QEHF0015	444.0999	19.69	[M-H]+	C17H11F6N7O	1.051869161	0.360406413	1\1	0
QEHF0016	397.1778	4.69	[M-H]+	C23H20N6O	0.767617991	0.031654759	1\1	0
QEHF0017	454.2245	3.35	[M-H]+	C27H27N5O2	1.182287159	0.041743356	1\1	0
QEHF0018	442.2246	3.3	[M-H]+	C26H27N5O2	1.141692818	0.010995052	1\1	0
QEHF0019	510.2657	3.69	[M-H]+	C26H35N7O2S	1.070045324	0.165572861	1\1	0
QEHF0020	310.1077	23.76	[M-H]+	C18H15NO4	1.033226035	0.143532382	1\1	0
QEHF0021	200.1107	3.34	[M-H]+	C10H17NOS	0.910230512	0.111675003	1\1	0
QEHF0022	309.1601	4.45	[M-H]+	C19H20N2O2	0.859326577	0.071587851	1\1	0
QEHF0023	478.0977	22.77	[M-H]+	C21H15F4N5O2S	0.228682024	0.19970968	1\4	1
QEHF0024	329.1535	0.58	[M-H]+	C15H24N2O4S	0.990321258	0.707340093	1\1	0
QEHF0025	374.2121	19.36	[M-H]+	C25H27NO2	0.978928327	0.715935832	1\1	0
QEHF0026	408.1383	26.89	[M-H]+	C22H21N3O3S	1.007933919	0.711098387	1\1	0
QEHF0027	313.1736	12.3	[M-H]+	C19H24N2S	4.122201308	5.06E-05	4\1	1
QEHF0028	453.2091	15.47	[M-H]+	C24H30F2O6	0.052710335	7.36E-07	1\16	1
QEHF0029	495.2201	25.94	[M-H]+	C26H32F2O7	0.448253025	6.47E-05	1\2	1
QEHF0030	376.1461	12.76	[M-H]+	C21H23ClFNO2	1.069313831	0.160033537	1\1	0
QEHF0031	531.1575	12.31	[M-H]+	C26H28Cl2N4O4	0.946336564	0.542366595	1\1	0
QEHF0032	407.2218	3.35	[M-H]+	C18H34N2O6S	0.255373969	1.24E-05	1\4	1
QEHF0033	345.2429	24.87	[M-H]+	C22H32O3	0.549761788	8.78E-06	1\2	1
QEHF0034	268.1912	3.99	[M-H]+	C15H25NO3	2.205350822	0.000104002	2\1	1
QEHF0035	416.9913	24.69	[M-H]+	C18H14Cl4N2O	3.680613866	5.23E-07	4\1	1
QEHF0036	264.1751	12.14	[M-H]+	C19H21N	0.266396952	5.77E-05	1\4	1
QEHF0037	320.141	3.46	[M-H]+	C16H18FN3O3	22.46492051	1.7E-07	16\1	1
QEHF0038	414.1554	5.18	[M-H]+	C22H23NO7	0.795765116	0.031954143	1\1	0
QEHF0039	270.1856	9.97	[M-H]+	C18H23NO	0.887000598	0.050105896	1\1	0
QEHF0040	261.1965	6.83	[M-H]+	C16H24N2O	12.58958934	2.27E-08	16\1	1
QEHF0041	340.1549	4.97	[M-H]+	C20H21NO4	0.115235939	3.26E-05	1\4	1
QEHF0042	214.1091	5.47	[M-H]+	C11H11N5	0.060420624	1.24E-06	1\16	1
QEHF0043	288.2324	9.91	[M-H]+	C19H29NO	3.429994748	7.46E-06	4\1	1
QEHF0044	315.2323	28.05	[M-H]+	C21H30O2	0.460763959	0.000638627	1\2	1
QEHF0045	286.1917	4.29	[M-H]+	C17H23N3O	9.205316087	1.89E-06	16\1	1
QEHF0046	277.0646	6.39	[M-H]+	C13H12N2O3S	0.508065057	0.000159105	1\2	1
QEHF0047	399.0764	11.63	[M-H]+	C18H14N4O5S	0.242860909	3.3E-06	1\4	1
QEHF0048	317.1647	3.8	[M-H]+	C13H24N4O3S	0.057940162	7.67E-07	1\16	1
QEHF0049	308.1106	31.52	[M-H]+	C19H17NOS	1.833542707	0.000664765	2\1	1
QEHF0050	408.1721	16.82	[M-H]+	C21H24F3N3S	15.01425377	6.26E-07	16\1	1
QEHF0051	302.2482	11.27	[M-H]+	C20H31NO	0.259549775	5.38E-05	1\4	1
QEHF0052	256.1812	4.19	[M-H]+	C16H21N3	9.741178492	9.71E-07	16\1	1
QEHF0053	279.186	5.06	[M-H]+	C19H22N2	0.991611237	0.883094774	1\1	0
QEHF0054	245.2016	9.47	[M-H]+	C16H24N2	3.413161308	2.26E-05	4\1	1
QEHF0055	180.1022	5.84	[M-H]+	C10H13NO2	0.054837207	1.29E-08	1\16	1
QEHF0056	355.2022	4.37	[M-H]+	C21H26N2O3	1.992830306	5.45E-05	2\1	1
QEHF0057	337.2127	3.83	[M-H]+	C18H28N2O4	0.059541663	5.12E-07	1\16	1
QEHF0058	310.1264	5.58	[M-H]+	C19H19NOS	1.114813722	0.134053363	1\1	0
QEHF0059	327.1377	5.16	[M-H]+	C18H19ClN4	0.476985946	5.85E-05	1\2	1
QEHF0060	384.1448	4.19	[M-H]+	C21H21NO6	0.054398031	1.41E-06	1\16	1
QEHF0061	235.1808	3.63	[M-H]+	C14H22N2O	0.526999362	0.001134569	1\2	1
QEHF0062	195.092	3.56	[M-H]+	C13H10N2	1.033511021	0.395778403	1\1	0
QEHF0063	438.1831	15.66	[M-H]+	C22H26F3N3OS	0.292048089	8.99E-06	1\4	1
QEHF0064	361.1206	31.69	[M-H]+	C20H21ClO4	1.869754349	0.000950851	2\1	1
QEHF0065	242.1179	28.63	[M-H]+	C15H15NO2	4.477299577	0.000120492	4\1	1
QEHF0066	430.2596	12.38	[M-H]+	C25H35NO5	0.445903546	0.000545	1\2	1
QEHF0067	180.1749	5.27	[M-H]+	C12H21N	2.034925998	3.25E-05	2\1	1
QEHF0068	484.1241	14.08	[M-H]+	C24H26BrN3O3	4.197739317	2.02E-06	4\1	1
QEHF0069	480.214	12.7	[M-H]+	C26H29N3O6	0.366870694	1.2E-05	1\2	1
QEHF0070	254.1543	5.34	[M-H]+	C17H19NO	0.06323087	2.06E-05	1\16	1
QEHF0071	285.0211	4.62	[M-H]+	C10H9ClN4O2S	1.996882161	0.000135019	2\1	1
QEHF0072	311.0813	7.02	[M-H]+	C12H14N4O4S	0.082330353	9.1E-06	1\16	1
QEHF0073	397.0101	22.56	[M-H]+	C18H15Cl3N2S	14.56545777	3.85E-07	16\1	1
QEHF0074	338.2515	25.6	[M-H]+	C20H35NOS	1.724812505	6.35E-05	2\1	1
QEHF0075	377.2121	31.65	[M-H]+	C25H28O3	2.909812465	0.004360012	4\1	1
QEHF0076	381.0328	21.68	[M-H]+	C18H15Cl3N2O	15.14794043	3.8E-08	16\1	1
QEHF0077	312.1379	15.92	[M-H]+	C14H21N3O3S	4.019870211	6.92E-06	4\1	1
QEHF0078	404.0377	5.13	[M-H]+	C17H13N3O5S2	4.149291964	2.82E-06	4\1	1
QEHF0079	354.2431	20.16	[M-H]+	C23H31NO2	0.306955873	4.42E-05	1\4	1
QEHF0080	324.1962	10.52	[M-H]+	C21H25NO2	1.691609447	0.004894257	2\1	1
QEHF0081	607.3258	31.28	[M-H]+	C32H47F5O3S	0.217391255	0.00030689	1\4	1
QEHF0082	470.233	16.46	[M-H]+	C25H32ClN5O2	0.409436894	0.000191609	1\2	1
QEHF0083	427.2148	4.63	[M-H]+	C23H27FN4O3	3.682007718	4.07E-05	4\1	1
QEHF0084	349.2128	3.68	[M-H]+	C19H28N2O4	1.152131784	0.135630026	1\1	0
QEHF0085	296.147	11.64	[M-H]+	C19H21NS	1.686080175	0.002649556	2\1	1
QEHF0086	318.2795	21.55	[M-H]+	C21H35NO	1.733065899	0.003197484	2\1	1
QEHF0087	914.5281	31.81	[M-H]+	C50H75NO14	0.205039089	6.7E-05	1\4	1
QEHF0088	294.0696	27.12	[M-H]+	C15H13ClFNO2	4.290578693	1.32E-05	4\1	1
QEHF0089	266.1656	6.45	[M-H]+	C17H19N3	16.85447547	1.58E-06	16\1	1
QEHF0090	345.1816	3.97	[M-H]+	C19H24N2O4	1.049530937	0.377037559	1\1	0
QEHF0091	383.2796	31.23	[M-H]+	C22H38O5	0.828083008	0.047704021	1\1	0
QEHF0092	333.1409	0.6	[M-H]+	C12H20N4O7	0.953348445	0.31371924	1\1	0
QEHF0093	359.1641	3.65	[M-H]+	C16H26N2O5S	1.066305515	0.39367291	1\1	0
QEHF0094	416.2781	18.8	[M-H]+	C25H37NO4	1.091680374	0.261515068	1\1	0
QEHF0095	346.1026	5.27	[M-H]+	C17H16FN3O2S	1.073421688	0.01763578	1\1	0
QEHF0096	411.1968	32.46	[M-H]+	C22H28F2O5	0.959786898	0.660550253	1\1	0
QEHF0097	325.2167	25.51	[M-H]+	C22H28O2	0.905405835	0.118226263	1\1	0
QEHF0098	1019.4501	4.45	[M-H]+	C49H66N10O10S2	1.06711994	0.026911885	1\1	0
QEHF0099	435.0574	29.43	[M-H]+	C20H15BrN6O	0.954019209	0.459595556	1\1	0
QEHF0100	364.0951	26.39	[M-H]+	C18H18ClNO5	0.959957707	0.126489396	1\1	0
QEHF0101	214.0711	0.58	[M-H]+	C9H11NO5	0.918851629	0.24259583	1\1	0
QEHF0102	201.139	5.14	[M-H]+	C13H16N2	0.906098349	0.139826239	1\1	0
QEHF0103	469.271	5.39	[M-H]+	C27H36N2O5	0.79742132	0.037301323	1\1	0
QEHF0104	312.1961	12.8	[M-H]+	C20H25NO2	1.114843779	0.114467377	1\1	0
QEHF0105	239.0742	4.82	[M-H]+	C10H8F2N4O	0.99637698	0.952192257	1\1	0
QEHF0106	307.2271	17.26	[M-H]+	C19H30O3	1.058200734	0.344893661	1\1	0
QEHF0107	325.1552	4.3	[M-H]+	C19H20N2O3	0.934539812	0.425625677	1\1	0
QEHF0108	329.2188	3.41	[M-H]+	C15H28N4O4	1.030967768	0.529580935	1\1	0
QEHF0109	471.2655	12.15	[M-H]+	C30H34N2O3	1.308121773	0.027422333	1\1	0
QEHF0110	612.3079	25.62	[M-H]+	C36H41N3O6	0.905912468	0.008557368	1\1	0
QEHF0111	337.2178	12.84	[M-H]+	C20H29FO3	1.091342855	0.306946825	1\1	0
QEHF0112	368.1744	3.75	[M-H]+	C18H26ClN3O3	0.891794208	0.067383959	1\1	0
QEHF0113	441.2428	8.32	[M-H]+	C22H36N2O5S	0.987303029	0.580355854	1\1	0
QEHF0114	484.1621	15.44	[M-H]+	C26H29NO4S2	0.940866788	0.423954577	1\1	0
QEHF0115	258.1129	16.43	[M-H]+	C15H15NO3	0.98387739	0.804999661	1\1	0
QEHF0116	316.1774	3.33	[M-H]+	C16H21N5O2	1.004096202	0.964754134	1\1	0
QEHF0117	222.1855	4.12	[M-H]+	C14H23NO	0.853503643	0.193935312	1\1	0
QEHF0118	836.3872	30.1	[M-H]+	C45H57NO14	0.874647856	0.0647232	1\1	0
QEHF0119	308.1761	3.73	[M-H]+	C19H21N3O	1.115064456	0.130032907	1\1	0
QEHF0120	438.1718	6.13	[M-H]+	C21H23N7O2S	1.249956729	0.004637333	1\1	0
QEHF0121	256.0972	15.09	[M-H]+	C15H13NO3	1.003787399	0.947096477	1\1	0
QEHF0122	278.125	0.58	[M-H]+	C12H15N5O3	1.046855492	0.391452774	1\1	0
QEHF0123	615.3171	25.62	[M-H]+	C23H46N6O13	0.889003258	0.024623867	1\1	0
QEHF0124	335.1508	4.41	[M-H]+	C19H18N4O2	1.008175713	0.863497033	1\1	0
QEHF0125	694.2874	26.11	[M-H]+	C39H37F6N3O2	0.935475812	0.026303617	1\1	0
QEHF0126	328.1912	6.35	[M-H]+	C20H25NO3	0.719421066	0.00068349	1\1	0
QEHF0127	247.1809	4.92	[M-H]+	C15H22N2O	1.286475704	0.000775785	1\1	0
QEHF0128	168.175	3.7	[M-H]+	C11H21N	0.995354205	0.953198993	1\1	0
QEHF0129	348.146	0.58	[M-H]+	C19H17N5O2	0.971018509	0.775917274	1\1	0
QEHF0130	632.253	31.25	[M-H]+	C34H38N3O7P	0.933905696	0.180287888	1\1	0
QEHF0131	548.2435	21.68	[M-H]+	C27H37N3O7S	0.992643216	0.913994736	1\1	0
QEHF0132	557.2076	4.56	[M-H]+	C30H29ClN6O3	0.880129006	0.349638758	1\1	0
QEHF0133	484.1872	8.42	[M-H]+	C23H26ClN7O3	0.924471813	0.070288569	1\1	0
QEHF0134	451.2019	7.75	[M-H]+	C21H30N4O5S	1.098897278	0.115349972	1\1	0
QEHF0135	470.3062	27.89	[M-H]+	C32H39NO2	0.942066807	0.388469059	1\1	0
QEHF0136	449.1636	25.74	[M-H]+	C26H25ClN2O3	0.997061356	0.945498579	1\1	0
QEHF0137	448.1331	29.01	[M-H]+	C23H23ClFNO5	0.947115725	0.452789165	1\1	0
QEHF0138	349.1841	4.77	[M-H]+	C18H22F2N4O	1.139280094	0.148045186	1\1	0
QEHF0139	420.1372	13.54	[M-H]+	C20H19F2N3O5	1.112935155	0.260299857	1\1	0
QEHF0140	367.1672	10.72	[M-H]+	C22H18N6	0.993079372	0.867803813	1\1	0
QEHF0141	355.1028	3.38	[M-H]+	C16H18O9	1.130829417	0.095558585	1\1	0
QEHF0142	311.201	21.45	[M-H]+	C21H26O2	0.90195439	0.293458412	1\1	0
QEHF0143	295.1808	5.2	[M-H]+	C19H22N2O	0.877076713	0.007937607	1\1	0
QEHF0144	517.3543	31.12	[M-H]+	C31H48O6	0.979517923	0.771996699	1\1	0
QEHF0145	289.1218	25.17	[M-H]+	C15H17ClN4	0.891185844	0.094436683	1\1	0
QEHF0146	269.1056	3.61	[M-H]+	C13H17ClN2O2	1.036952482	0.37293987	1\1	0
QEHF0147	278.1906	9.94	[M-H]+	C20H23N	0.78004897	0.015820185	1\1	0
QEHF0148	231.1495	23.99	[M-H]+	C14H18N2O	1.008555104	0.626829176	1\1	0
QEHF0149	325.1715	8.36	[M-H]+	C20H21FN2O	1.004396532	0.877207016	1\1	0
QEHF0150	528.1878	10.42	[M-H]+	C27H29NO10	1.006707803	0.904952144	1\1	0
QEHF0151	475.1149	4.27	[M-H]+	C22H24BrFN4O2	0.694832911	0.001832556	1\1	0
QEHF0152	172.1195	0.58	[M-H]+	C6H13N5O	1.035175617	0.416143918	1\1	0
QEHF0153	432.196	3.67	[M-H]+	C22H29N3O4S	1.046589729	0.248934899	1\1	0
QEHF0154	387.2535	28.93	[M-H]+	C24H34O4	0.932743883	0.461903037	1\1	0
QEHF0155	255.1132	10.16	[M-H]+	C15H14N2O2	0.914406456	0.356918614	1\1	0
QEHF0156	282.1605	5.24	[M-H]+	C17H19N3O	1.059721911	0.46685013	1\1	0
QEHF0157	242.0807	0.58	[M-H]+	C9H12ClN5O	0.989440169	0.347857898	1\1	0
QEHF0158	375.184	12.32	[M-H]+	C21H27ClN2O2	0.906059233	0.091493409	1\1	0
QEHF0159	315.0726	11.56	[M-H]+	C14H10N4O5	0.920768778	0.661214609	1\1	0
QEHF0160	433.2156	5.96	[M-H]+	C24H25FN6O	1.013040746	0.45844101	1\1	0
QEHF0161	206.1404	3.7	[M-H]+	C10H15N5	1.040114943	0.706807736	1\1	0
QEHF0162	288.1598	0.58	[M-H]+	C17H21NO3	0.964837042	0.451830982	1\1	0
QEHF0163	415.212	26.96	[M-H]+	C24H30O6	0.984840624	0.782321858	1\1	0
QEHF0164	403.0429	27.35	[M-H]+	C17H14Cl2F2N2O3	0.877896123	0.048206682	1\1	0
QEHF0165	406.2092	3.79	[M-H]+	C19H27N5O5	1.047816417	0.444418424	1\1	0
QEHF0166	352.2124	14.45	[M-H]+	C19H29NO5	0.9746538	0.616534154	1\1	0
QEHF0167	510.1585	13.18	[M-H]+	C25H25Cl2N7O	1.129848655	0.027688096	1\1	0
QEHF0168	319.0753	7.95	[M-H]+	C15H14N2O4S	1.079261495	0.036202699	1\1	0
QEHF0169	845.4837	11.3	[M-H]+	C43H65FN6O10	0.865131977	0.055918738	1\1	0
QEHF0170	535.1584	28.14	[M-H]+	C23H21F7N4O3	0.911843568	0.190024883	1\1	0
QEHF0171	540.2617	12.46	[M-H]+	C31H33N5O4	1.100281898	0.120584361	1\1	0
QEHF0172	980.5722	31.7	[M-H]+	C53H83NO14	0.988416294	0.846194335	1\1	0
QEHF0173	445.1468	9.18	[M-H]+	C24H25FO5S	1.161459036	0.012090253	1\1	0
QEHF0174	289.2278	5.62	[M-H]+	C18H28N2O	0.835653862	0.046576507	1\1	0
QEHF0175	483.0852	29.56	[M-H]+	C21H15ClF4N4O3	0.948905315	0.157061113	1\1	0
QEHF0176	1270.4492	26	[M-H]+	C56H71N9O23S	1.073318068	0.337751586	1\1	0
QEHF0177	720.4344	24.82	[M-H]+	C40H57N5O7	0.976963123	0.508478862	1\1	0
QEHF0178	564.3096	31.39	[M-H]+	C30H46NO7P	0.892003491	0.21263731	1\1	0
QEHF0179	412.1925	26.93	[M-H]+	C24H26FNO4	0.981740742	0.790765959	1\1	0
QEHF0180	847.4508	22.72	[M-H]+	C46H62N4O11	0.93450101	0.275880141	1\1	0
QEHF0181	294.1604	4.53	[M-H]+	C18H19N3O	0.99595145	0.925628698	1\1	0
QEHF0182	329.1321	31.65	[M-H]+	C18H20N2O2S	0.81774892	0.062615522	1\1	0
QEHF0183	465.0944	28.87	[M-H]+	C21H16ClF3N4O3	0.951447733	0.28254301	1\1	0
QEHF0184	296.1859	4.43	[M-H]+	C16H25NO4	0.92262579	0.157386604	1\1	0
QEHF0185	221.1111	3.91	[M-H]+	C12H16N2S	1.007527805	0.859221426	1\1	0
QEHF0186	304.2023	0.58	[M-H]+	C17H25N3O2	0.976782409	0.653650215	1\1	0
QEHF0187	496.2429	4.48	[M-H]+	C25H32F3N3O4	1.215352119	0.004984539	1\1	0
QEHF0188	379.1657	25.44	[M-H]+	C22H22N2O4	0.884266938	0.069485582	1\1	0
QEHF0189	390.1578	4.42	[M-H]+	C18H20FN5O4	1.035051466	0.481015209	1\1	0
QEHF0190	391.1479	3.32	[M-H]+	C15H18N8O5	1.013759674	0.766476976	1\1	0
QEHF0191	502.1781	16.11	[M-H]+	C28H24FN3O5	1.057016231	0.326675465	1\1	0
QEHF0192	285.0673	24.55	[M-H]+	C15H9FN2O3	1.043777589	0.10740197	1\1	0
QEHF0193	371.1269	7.77	[M-H]+	C17H15FN6O3	0.853547065	0.060408518	1\1	0
QEHF0194	445.1641	14.42	[M-H]+	C20H21FN6O5	1.030950526	0.539043116	1\1	0
QEHF0195	308.2587	24.88	[M-H]+	C19H33NO2	0.951784172	0.013358757	1\1	0
QEHF0196	588.9704	29.77	[M-H]+	C19H20Br2N6O4S	0.924130579	0.216065263	1\1	0
QEHF0197	245.1401	0.58	[M-H]+	C13H16N4O	1.011374262	0.832693856	1\1	0
QEHF0198	376.1405	13.66	[M-H]+	C20H25NO2S2	1.002170043	0.966922812	1\1	0
QEHF0199	393.2178	9.62	[M-H]+	C24H28N2O3	0.915197609	0.051370543	1\1	0
QEHF0200	451.1654	28.81	[M-H]+	C23H23ClN6O2	0.907250678	0.112228579	1\1	0
QEHF0201	227.1142	0.61	[M-H]+	C9H14N4O3	1.14826497	0.071031011	1\1	0
QEHF0202	616.0869	27.2	[M-H]+	C26H23FIN5O4	0.814904132	0.048079764	1\1	0
QEHF0203	442.1894	15.54	[M-H]+	C22H24FN5O4	0.993431385	0.894483262	1\1	0
QEHF0204	398.1981	10.71	[M-H]+	C24H23N5O	0.91651688	0.006093052	1\1	0
QEHF0205	267.1859	7.8	[M-H]+	C18H22N2	1.082246491	0.036937089	1\1	0
QEHF0206	460.1987	11.17	[M-H]+	C25H25N5O4	1.022930585	0.636720651	1\1	0
QEHF0207	493.2638	18.1	[M-H]+	C28H36N4O2S	1.054898199	0.263018164	1\1	0
QEHF0208	417.1284	25.26	[M-H]+	C21H21FN2O4S	0.973666083	0.505648917	1\1	0
QEHF0209	299.1579	16.78	[M-H]+	C18H22N2S	0.975105514	0.681497796	1\1	0
QEHF0210	399.167	4.12	[M-H]+	C20H22N4O5	0.979519138	0.652287548	1\1	0
QEHF0211	186.0916	6.17	[M-H]+	C12H11NO	1.116623359	0.18851891	1\1	0
QEHF0212	307.1669	6.39	[M-H]+	C17H18N6	1.052441392	0.229344614	1\1	0
QEHF0213	316.0351	28.06	[M-H]+	C14H9ClF3NO2	0.90603908	0.519049414	1\1	0
QEHF0214	810.4564	32.42	[M-H]+	C43H68ClNO11	0.945354852	0.443665619	1\1	0
QEHF0215	394.1403	12.5	[M-H]+	C21H19N3O5	1.090461941	0.127147507	1\1	0
QEHF0216	463.0861	31.53	[M-H]+	C22H21Cl3N4O	0.965903052	0.439930891	1\1	0
QEHF0217	486.2011	28.32	[M-H]+	C26H26F3N3O3	0.907392957	0.122962763	1\1	0
QEHF0218	308.1431	3.94	[M-H]+	C15H21N3O2S	1.067157188	0.241756845	1\1	0
QEHF0219	416.1636	9.12	[M-H]+	C22H18FN7O	1.01012378	0.754733596	1\1	0
QEHF0220	351.1959	32.42	[M-H]+	C23H26O3	0.951301041	0.709876026	1\1	0
QEHF0221	392.2006	21.68	[M-H]+	C22H28FO5	1.050469148	0.551800366	1\1	0
QEHF0222	204.0303	0.64	[M-H]+	C5H11NO4S	0.744065943	0.000879342	1\1	0
QEHF0223	302.1754	3.57	[M-H]+	C18H23NO3	1.004081397	0.92726056	1\1	0
QEHF0224	339.2167	31.55	[M-H]+	C19H30O5	0.758018667	0.610062035	1\1	0
QEHF0225	331.0439	27.31	[M-H]+	C10H19O6PS2	0.839610046	0.148767699	1\1	0
QEHF0226	192.1385	13.76	[M-H]+	C12H17NO	0.975674078	0.752695408	1\1	0
QEHF0227	340.3695	29.27	[M-H]+	C21H45N3	1.126502457	0.474466449	1\1	0
QEHF0228	555.253	3.7	[M-H]+	C22H42N4O8S2	1.059407017	0.445382576	1\1	0
QEHF0229	178.1354	29.14	[M-H]+	C12H17O	1.267247561	0.253190728	1\1	0
QEHF0230	305.1084	29.89	[M-H]+	C12H21N2O3PS	0.875711184	0.089736257	1\1	0
QEHF0231	109.0763	0.59	[M-H]+	C6H8N2	0.942495744	0.220793544	1\1	0
QEHF0232	204.1386	18.06	[M-H]+	C13H17NO	0.944217081	0.430223849	1\1	0
QEHF0233	114.128	0.58	[M-H]+	C7H15N	0.961517152	0.296026959	1\1	0
QEHF0234	291.1957	32.3	[M-H]+	C18H26O3	0.956922224	0.718915059	1\1	0
QEHF0235	146.1177	0.58	[M-H]+	C7H15NO2	1.025447898	0.154638193	1\1	0
QEHF0236	362.2122	32.25	[M-H]+	C24H27NO2	0.941648325	0.780802931	1\1	0
QEHF0237	220.9536	8.65	[M-H]+	C4H7Cl2O4P	0.983804269	0.679602307	1\1	0
QEHF0238	279.1595	31.43	[M-H]+	C16H22O4	0.957812613	0.714843399	1\1	0
QEHF0239	275.2123	4.42	[M-H]+	C17H26N2O	0.85957929	0.009728646	1\1	0
QEHF0240	215.049	2.42	[M-H]+	C8H10N2O3S	0.927128767	0.321084765	1\1	0
QEHF0241	428.2553	6.76	[M-H]+	C24H33N3O4	0.940003815	0.355491286	1\1	0
QEHF0242	214.0996	3.63	[M-H]+	C11H16ClNO	0.966824019	0.63260718	1\1	0
QEHF0243	427.1176	4.26	[M-H]+	C21H19ClN4O4	1.043841823	0.449406242	1\1	0
QEHF0244	347.2223	13	[M-H]+	C21H30O4	1.050180657	0.673532025	1\1	0
QEHF0245	488.1642	6.85	[M-H]+	C22H26ClN7O2S	0.973782359	0.184140405	1\1	0
QEHF0246	489.229	10.46	[M-H]+	C23H32N6O4S	0.940252311	0.323858652	1\1	0
QEHF0247	245.1752	32.87	[M-H]+	C14H20N4	0.752881355	0.133830683	1\1	0
QEHF0248	233.0924	9.2	[M-H]+	C12H12N2O3	1.08529663	0.084778119	1\1	0
QEHF0249	558.2312	21.93	[M-H]+	C28H36ClN5O3S	0.890160486	0.034166362	1\1	0
QEHF0250	406.2343	3.35	[M-H]+	C21H31N3O5	1.066872796	0.295164401	1\1	0
QEHF0251	445.1615	5.21	[M-H]+	C22H24N2O8	0.980142084	0.613268024	1\1	0
QEHF0252	417.1186	3.43	[M-H]+	C21H20O9	0.925159451	0.063864829	1\1	0
QEHF0253	529.2294	30.89	[M-H]+	C27H30F6N2O2	0.934641654	0.107532317	1\1	0
QEHF0254	359.1972	3.83	[M-H]+	C20H26N2O4	1.06981159	0.066691566	1\1	0
QEHF0255	313.1776	3.43	[M-H]+	C16H20N6O	1.015059586	0.813695788	1\1	0
QEHF0256	330.1505	10.85	[M-H]+	C19H20FNO3	0.993872138	0.903062649	1\1	0
QEHF0257	433.2228	22.61	[M-H]+	C24H32O7	0.88568122	0.048868411	1\1	0
QEHF0258	234.1128	11.21	[M-H]+	C13H15NO3	1.024265532	0.774619987	1\1	0
QEHF0259	413.1203	7.33	[M-H]+	C21H21ClN4OS	1.048614876	0.159086937	1\1	0
QEHF0260	328.1583	3.39	[M-H]+	C16H25NO4S	1.064686416	0.033417421	1\1	0
QEHF0261	163.0868	5.62	[M-H]+	C9H10N2O	0.9430042	0.229366502	1\1	0
QEHF0262	316.2025	3.49	[M-H]+	C18H25N3O2	1.064064927	0.372936154	1\1	0
QEHF0263	223.0869	10.5	[M-H]+	C14H10N2O	0.936740141	0.631261181	1\1	0
QEHF0264	119.0606	5.08	[M-H]+	C7H6N2	0.918416008	0.143005879	1\1	0
QEHF0265	185.9776	10.63	[M-H]+	C7H4ClNOS	0.941689858	0.701786198	1\1	0
QEHF0266	226.109	3.81	[M-H]+	C12H11N5	0.976191718	0.645149127	1\1	0
QEHF0267	296.2012	6.71	[M-H]+	C20H25NO	0.994828472	0.896853973	1\1	0
QEHF0268	425.2443	5.67	[M-H]+	C25H32N2O4	1.161481464	0.083984296	1\1	0
QEHF0269	457.2343	8.6	[M-H]+	C25H32N2O6	0.876558648	0.015437544	1\1	0
QEHF0270	223.0757	20.79	[M-H]+	C15H10O2	0.972566951	0.758959689	1\1	0
QEHF0271	433.8753	3.54	[M-H]+	C9H9I2NO3	1.035506843	0.647454184	1\1	0
QEHF0272	156.1024	0.58	[M-H]+	C8H13NO2	0.970255415	0.412560072	1\1	0
QEHF0273	329.1947	6.35	[M-H]+	C17H28O6	0.677171943	0.002393589	1\1	0
QEHF0274	175.0392	29.15	[M-H]+	C10H6O3	1.117787353	0.711055115	1\1	0
QEHF0275	225.0913	18.59	[M-H]+	C15H12O2	1.136203769	0.084520099	1\1	0
QEHF0276	189.0549	7.76	[M-H]+	C11H8O3	1.108605079	0.312459786	1\1	0
QEHF0277	331.2597	6.23	[M-H]+	C20H36O2	0.997269015	0.989603598	1\1	0
QEHF0278	386.2444	7.77	[M-H]+	C22H31N3O3	1.106208829	0.029679971	1\1	0
QEHF0279	318.2431	17.79	[M-H]+	C20H31NO2	1.036964441	0.277300883	1\1	0
QEHF0280	325.115	0.59	[M-H]+	C13H16N4O6	1.119942766	0.205237598	1\1	0
QEHF0281	447.0931	6.33	[M-H]+	C21H18O11	1.137945529	0.039700833	1\1	0
QEHF0282	265.1914	0.58	[M-H]+	C15H24N2O2	0.97480863	0.615762611	1\1	0
QEHF0283	249.1965	0.58	[M-H]+	C15H24N2O	1.010876975	0.601589892	1\1	0
QEHF0284	385.13	4.47	[M-H]+	C22H16N4O3	1.096241475	0.141714885	1\1	0
QEHF0285	343.1441	4.4	[M-H]+	C14H22N4O4S	0.952940854	0.122973821	1\1	0
QEHF0286	153.0525	0.92	[M-H]+	C4H4N6O	0.939626369	0.507129029	1\1	0
QEHF0287	395.2136	10.75	[M-H]+	C24H27FN2O2	0.965344387	0.599656084	1\1	0
QEHF0288	381.2543	11.94	[M-H]+	C24H32N2O2	0.969751282	0.67079909	1\1	0
QEHF0289	453.2618	4.74	[M-H]+	C24H32N6O3	1.050299796	0.818329762	1\1	0
QEHF0290	330.1276	5.33	[M-H]+	C17H19N3O2S	0.918831828	0.120215737	1\1	0
QEHF0291	426.9846	18.51	[M-H]+	C17H18Br2N2O	1.078001337	0.168841407	1\1	0
QEHF0292	347.1257	3.96	[M-H]+	C18H14N6O2	1.042460509	0.444137684	1\1	0
QEHF0293	618.2413	7.72	[M-H]+	C28H40BrN7O4	0.698812646	0.000755208	1\1	0
QEHF0294	526.2182	23.05	[M-H]+	C26H26F3N7O2	1.043273866	0.443862197	1\1	0
QEHF0295	334.1667	29.57	[M-H]+	C19H19N5O	0.943173754	0.289711656	1\1	0
QEHF0296	330.0588	25.48	[M-H]+	C14H10F3NO5	0.944947269	0.575169902	1\1	0
QEHF0297	397.1709	6.19	[M-H]+	C21H24N4O2S	1.273687328	0.000487733	1\1	0
QEHF0298	455.0447	26.8	[M-H]+	C19H17Cl3N4O3	0.832040292	0.000331057	1\1	0
QEHF0299	315.1507	7.44	[M-H]+	C18H19FN2O2	1.048668611	0.4938199	1\1	0
QEHF0300	469.2471	7.04	[M-H]+	C26H28N8O	1.097420144	0.029203523	1\1	0
QEHF0301	352.1827	5.16	[M-H]+	C21H22FN3O	0.916884385	0.171735561	1\1	0
QEHF0302	322.1417	5.19	[M-H]+	C16H15N7O	0.948324483	0.429370681	1\1	0
QEHF0303	501.2732	5.17	[M-H]+	C27H32N8O2	0.985247004	0.796730623	1\1	0
QEHF0304	402.193	26.24	[M-H]+	C23H23O2N5	0.953828243	0.106818354	1\1	0
QEHF0305	287.1294	3.41	[M-H]+	C18H14N4	1.04932062	0.31088867	1\1	0
QEHF0306	341.1534	3.46	[M-H]+	C19H21ClN4	1.22410253	0.018702927	1\1	0
QEHF0307	481.2105	3.75	[M-H]+	C26H24N8O2	0.960101054	0.510717249	1\1	0
QEHF0308	435.1603	6.34	[M-H]+	C21H24ClFN4O3	0.989685034	0.689590531	1\1	0
QEHF0309	444.1198	26.82	[M-H]+	C24H17N3O6	1.033635202	0.182778823	1\1	0
QEHF0310	541.1432	21.87	[M-H]+	C25H25ClN6O4S	0.995778139	0.925446987	1\1	0
QEHF0311	479.1505	6.74	[M-H]+	C26H19ClN8	0.789712167	0.344930203	1\1	0
QEHF0312	592.2687	31.4	[M-H]+	C32H38ClN5O4	1.000099245	0.9991028	1\1	0
QEHF0313	428.2715	18.64	[M-H]+	C25H34FN3O2	1.038917976	0.658860941	1\1	0
QEHF0314	546.2835	6.16	[M-H]+	C29H35N7O4	1.278743668	0.000984129	1\1	0
QEHF0315	475.245	8.79	[M-H]+	C26H30N6O3	1.170079934	0.001138091	1\1	0
QEHF0316	573.345	3.92	[M-H]+	C34H44N4O4	1.020153612	0.773899642	1\1	0
QEHF0317	435.2513	5.34	[M-H]+	C24H30N6O2	0.97358581	0.731568199	1\1	0
QEHF0318	434.1696	12.6	[M-H]+	C22H22F3N3O3	0.947551632	0.423880282	1\1	0
QEHF0319	485.1897	5.5	[M-H]+	C24H29ClN6OS	0.893286308	0.211348874	1\1	0
QEHF0320	478.1566	26.14	[M-H]+	C21H24FN5O5S	0.955204036	0.343840075	1\1	0
QEHF0321	409.3332	3.58	[M-H]+	C26H40N4	1.394611179	0.001759245	1\1	0
QEHF0322	228.0344	6.03	[M-H]+	C11H11Cl2N	0.990077724	0.810443073	1\1	0
QEHF0323	639.3782	13.53	[M-H]+	C36H46N8O3	1.163469099	0.190323364	1\1	0
QEHF0324	628.1028	31.97	[M-H]+	C31H32BrNO4S2	1.005404526	0.962145606	1\1	0
QEHF0325	342.101	12.99	[M-H]+	C18H16ClN3O2	0.858906433	0.04231641	1\1	0
QEHF0326	507.2328	14.86	[M-H]+	C27H31FN6OS	1.006886473	0.843867872	1\1	0
QEHF0327	518.1657	27.68	[M-H]+	C24H22F3N5O5	0.920327809	0.185144714	1\1	0
QEHF0328	414.2869	3.86	[M-H]+	C23H35N5O2	1.03074738	0.786181564	1\1	0
QEHF0329	481.2928	4.56	[M-H]+	C26H36N6O3	0.880111558	0.093607959	1\1	0
QEHF0330	501.2341	15.01	[M-H]+	C26H33FN4O3S	0.935104772	0.36192642	1\1	0
QEHF0331	334.065	5.07	[M-H]+	C18H11N3O2S	0.945998122	0.262145822	1\1	0
QEHF0332	310.1417	14.73	[M-H]+	C15H15N7O	0.94670378	0.419456266	1\1	0
QEHF0333	448.1989	14.19	[M-H]+	C24H25N5O4	0.936751684	0.331897677	1\1	0
QEHF0334	354.1278	5.6	[M-H]+	C19H19N3O2S	1.039050391	0.502941133	1\1	0
QEHF0335	592.1	8.22	[M-H]+	C23H26IN7O2S	0.86088747	0.032191722	1\1	0
QEHF0336	401.0475	8.94	[M-H]+	C14H17IN4O2	0.995895301	0.964029653	1\1	0
QEHF0337	501.2064	9.97	[M-H]+	C29H29ClN4O2	1.080583142	0.326172043	1\1	0
QEHF0338	321.1004	7.85	[M-H]+	C14H16N4O3S	0.982391241	0.807113014	1\1	0
QEHF0339	471.1261	3.43	[M-H]+	C20H23BrN8O	1.01244877	0.828989649	1\1	0
QEHF0340	499.2512	25.23	[M-H]+	C30H31FN4O2	0.897388567	0.022538697	1\1	0
QEHF0341	376.0834	5.45	[M-H]+	C15H19Cl2N3O4	1.078477569	0.101692248	1\1	0
QEHF0342	557.0014	30.61	[M-H]+	C21H19Cl2IN4O2	0.97583956	0.381652425	1\1	0
QEHF0343	519.1241	26.74	[M-H]+	C27H20ClFN4O4	1.02515082	0.31216226	1\1	0
QEHF0344	388.1065	14.3	[M-H]+	C19H18ClN3O4	0.986606463	0.829115357	1\1	0
QEHF0345	521.1902	26.78	[M-H]+	C26H27F3N2O6	0.926410594	0.000260971	1\1	0
QEHF0346	327.0132	21.79	[M-H]+	C16H11BrN2O	0.948670075	0.499793839	1\1	0
QEHF0347	474.2298	21.76	[M-H]+	C30H27N5O	0.966870797	0.5575728	1\1	0
QEHF0348	434.1906	10.29	[M-H]+	C25H27N3O2S	0.985092427	0.635727871	1\1	0
QEHF0349	438.0895	25.99	[M-H]+	C19H20ClN3O5S	0.993190785	0.8085987	1\1	0
QEHF0350	370.1367	28.08	[M-H]+	C17H18F3N3O3	0.963190612	0.586169762	1\1	0
QEHF0351	331.0959	31.27	[M-H]+	C16H15ClN4O2	0.898330823	0.684935186	1\1	0
QEHF0352	227.1546	5.14	[M-H]+	C15H18N2	0.734037813	0.002400908	1\1	0
QEHF0353	354.0792	17.44	[M-H]+	C14H16ClN5O2S	0.987650823	0.837234336	1\1	0
QEHF0354	490.1997	16.55	[M-H]+	C28H23N7O2	0.95296081	0.496138512	1\1	0
QEHF0355	514.2032	7.09	[M-H]+	C27H27N7O2S	1.09896768	0.170702109	1\1	0
QEHF0356	561.195	24.52	[M-H]+	C30H26F2N4O5	1.042995868	0.101594503	1\1	0
QEHF0357	500.1637	11.46	[M-H]+	C23H25F4N3O3S	0.984639169	0.837201355	1\1	0
QEHF0358	638.1764	32.36	[M-H]+	C30H25F10NO3	1.017439736	0.919297514	1\1	0
QEHF0359	389.0905	17.19	[M-H]+	C19H17ClN2O5	1.037139665	0.486486408	1\1	0
QEHF0360	413.0816	30.78	[M-H]+	C21H20N2OS3	0.97034112	0.500126675	1\1	0
QEHF0361	174.0554	6.71	[M-H]+	C10H7NO2	1.093310233	0.216190933	1\1	0
QEHF0362	813.2673	19.66	[M-H]+	C42H45ClN6O5S2	0.923003437	0.416716585	1\1	0
QEHF0363	365.1615	15.14	[M-H]+	C20H20N4O3	0.960964861	0.515453225	1\1	0
QEHF0364	362.2557	3.53	[M-H]+	C19H31N5O2	1.001832312	0.974387262	1\1	0
QEHF0365	272.9874	5.54	[M-H]+	C9H9BrN2O3	0.955057663	0.505078231	1\1	0
QEHF0366	454.2611	6.35	[M-H]+	C28H31N5O	0.529937187	0.00123272	1\2	1
QEHF0367	463.2515	19.4	[M-H]+	C27H31FN4O2	0.986468735	0.820709018	1\1	0
QEHF0368	283.1445	7.84	[M-H]+	C17H18N2O2	1.071711903	0.063611586	1\1	0
QEHF0369	162.0551	3.69	[M-H]+	C9H7NO2	1.045505077	0.562657226	1\1	0
QEHF0370	480.1033	7.71	[M-H]+	C21H23Cl2N5O2S	1.047897583	0.305233675	1\1	0
QEHF0371	370.2497	5.59	[M-H]+	C22H31N3O2	0.898571449	0.004471813	1\1	0
QEHF0372	974.3051	26	[M-H]+	C47H55ClF3N5O6S3	0.923121475	0.357421456	1\1	0
QEHF0373	517.2377	24.84	[M-H]+	C30H33ClN4O2	0.945283986	0.04928265	1\1	0
QEHF0374	441.277	3.86	[M-H]+	C27H32N6	1.104508399	0.227506809	1\1	0
QEHF0375	408.2512	10.19	[M-H]+	C22H29N7O	0.912795303	0.164696195	1\1	0
QEHF0376	517.2263	24.56	[M-H]+	C31H33ClN2O3	0.953965159	0.047085862	1\1	0
QEHF0377	418.1047	9.99	[M-H]+	C20H15ClF3N5	0.94385574	0.290202917	1\1	0
QEHF0378	280.0753	21.7	[M-H]+	C12H13N3O3S	1.044238916	0.425613991	1\1	0
QEHF0379	381.2768	5.36	[M-H]+	C22H32N6	1.294488142	0.049146236	1\1	0
QEHF0380	368.2088	3.85	[M-H]+	C20H25N5O2	1.139353641	0.198711148	1\1	0
QEHF0381	353.1502	6.47	[M-H]+	C20H20N2O4	0.995298302	0.913637636	1\1	0
QEHF0382	383.1484	6.65	[M-H]+	C21H17F3N4	0.978837752	0.564990883	1\1	0
QEHF0383	380.1764	3.4	[M-H]+	C25H21N3O	1.195123915	0.086934847	1\1	0
QEHF0384	405.0976	8.19	[M-H]+	C19H12F4N4O2	0.868094764	0.007830446	1\1	0
QEHF0385	396.1673	6.19	[M-H]+	C20H21N5O4	1.29260809	0.000449791	1\1	0
QEHF0386	374.2346	8.84	[M-H]+	C23H27N5	1.031493078	0.223225857	1\1	0
QEHF0387	251.1546	9.79	[M-H]+	C17H18N2	0.748694067	0.004236319	1\1	0
QEHF0388	545.175	31.24	[M-H]+	C30H28N2O6S	0.937760787	0.24964771	1\1	0
QEHF0389	376.0298	4.76	[M-H]+	C16H14BrN3O3	1.023821428	0.5603794	1\1	0
QEHF0390	601.1757	31.97	[M-H]+	C26H25F9N2O4	1.010573301	0.971071074	1\1	0
QEHF0391	416.2226	29.49	[M-H]+	C27H29NO3	0.935139403	0.219645556	1\1	0
QEHF0392	443.1742	9.01	[M-H]+	C24H27ClN2O4	1.107482888	0.182877881	1\1	0
QEHF0393	378.1618	27.61	[M-H]+	C22H20FN3O2	1.025098427	0.761136406	1\1	0
QEHF0394	284.1066	4.03	[M-H]+	C12H17N3O3S	0.924546207	0.442511135	1\1	0
QEHF0395	384.2087	20.96	[M-H]+	C22H26FN3O2	1.072846819	0.330703047	1\1	0
QEHF0396	367.127	7.41	[M-H]+	C18H17F3N2O3	1.134022386	0.147687883	1\1	0
QEHF0397	312.171	4.9	[M-H]+	C18H21N3O2	0.957660521	0.204808998	1\1	0
QEHF0398	429.2181	9.95	[M-H]+	C27H28N2O3	0.941648858	0.348671751	1\1	0
QEHF0399	367.0083	24.79	[M-H]+	C18H11BrN2O2	0.955577554	0.002160647	1\1	0
QEHF0400	350.0698	19.73	[M-H]+	C19H12ClN3O2	1.002872245	0.959752479	1\1	0
QEHF0401	229.1339	3.62	[M-H]+	C14H16N2O	1.056288205	0.480657929	1\1	0
QEHF0402	500.2781	5.47	[M-H]+	C28H33N7O2	1.123595022	0.057475773	1\1	0
QEHF0403	335.0465	21.38	[M-H]+	C15H12Cl2N4O	1.262798542	0.126676281	1\1	0
QEHF0404	366.0302	17.56	[M-H]+	C17H13Cl2NO4	1.055891301	0.395581843	1\1	0
QEHF0405	509.1157	28.55	[M-H]+	C26H22Cl2N4O3	0.972245273	0.622227942	1\1	0
QEHF0406	525.1956	28.76	[M-H]+	C29H32O7S	0.938262241	0.49784587	1\1	0
QEHF0407	548.2226	7.98	[M-H]+	C25H31N7O6	1.398219292	1.81E-05	2\1	1
QEHF0408	539.2545	4.01	[M-H]+	C28H35ClN6O3	0.950506717	0.283552782	1\1	0
QEHF0409	398.1717	3.55	[M-H]+	C21H23N3O5	1.006982438	0.867130741	1\1	0
QEHF0410	393.1651	4.69	[M-H]+	C18H19F3N6O	0.955923616	0.480309039	1\1	0
QEHF0411	358.1444	28.24	[M-H]+	C23H19NO3	0.98093687	0.565166087	1\1	0
QEHF0412	606.403	3.51	[M-H]+	C35H51N5O4	1.03297761	0.199804332	1\1	0
QEHF0413	261.1351	3.51	[M-H]+	C13H16N4O2	1.072130914	0.369771377	1\1	0
QEHF0414	580.2813	5.58	[M-H]+	C30H38ClN7O3	1.433858127	0.017760257	1\1	0
QEHF0415	495.9274	11.92	[M-H]+	C17H13Br2N5OS	0.846549473	0.165305341	1\1	0
QEHF0416	310.1354	6.79	[M-H]+	C18H16FN3O	1.022213402	0.652895426	1\1	0
QEHF0417	407.1632	4.81	[M-H]+	C21H19FN6O2	1.154167042	0.008112304	1\1	0
QEHF0418	351.132	31.56	[M-H]+	C18H17F3N2O2	0.907556789	0.455657008	1\1	0
QEHF0419	324.0194	17.41	[M-H]+	C15H11Cl2NO3	1.079386767	0.246825302	1\1	0
QEHF0420	529.2255	3.69	[M-H]+	C26H34ClN6O2P	1.047336351	0.713583184	1\1	0
QEHF0421	365.1977	20.53	[M-H]+	C21H24N4O2	1.12926796	0.417012347	1\1	0
QEHF0422	570.3564	11.77	[M-H]+	C33H43N7O2	1.077169135	0.090972652	1\1	0
QEHF0423	373.1237	3.99	[M-H]+	C20H16N6S	0.976899026	0.622503609	1\1	0
QEHF0424	308.1973	4.87	[M-H]+	C16H25N3O3	0.962884787	0.365915279	1\1	0
QEHF0425	525.2655	3.99	[M-H]+	C27H36N6O3S	1.160401298	0.126128766	1\1	0
QEHF0426	476.1245	17.37	[M-H]+	C18H23F2N5O4S2	0.997600347	0.955007921	1\1	0
QEHF0427	613.2143	7.22	[M-H]+	C28H36O15	1.07388855	0.032722466	1\1	0
QEHF0428	271.1445	4.97	[M-H]+	C16H18N2O2	1.147973831	0.239105812	1\1	0
QEHF0429	468.1606	4.88	[M-H]+	C24H23ClFN5O2	0.87114809	0.014556024	1\1	0
QEHF0430	959.5238	9.71	[M-H]+	C48H78O19	0.998451319	0.97831884	1\1	0
QEHF0431	412.3216	9.81	[M-H]+	C27H41NO2	0.828051463	0.006101012	1\1	0
QEHF0432	213.1026	4.08	[M-H]+	C13H12N2O	0.932824954	0.037446975	1\1	0
QEHF0433	361.1652	8.58	[M-H]+	C20H24O6	0.973510685	0.750756612	1\1	0
QEHF0434	432.0224	6.24	[M-H]+	C15H15FIN3O3	0.970580567	0.090225038	1\1	0
QEHF0435	421.2743	32.17	[M-H]+	C28H36O3	0.938032679	0.396229888	1\1	0
QEHF0436	363.1458	4.31	[M-H]+	C17H19FN4O4	0.541035322	0.001121773	1\2	1
QEHF0437	633.2536	8.3	[M-H]+	C34H34F2N4O6	0.884567249	0.294191025	1\1	0
QEHF0438	546.1429	19.8	[M-H]+	C25H22F3N5O4S	1.053942645	0.454806084	1\1	0
QEHF0439	329.0901	25.7	[M-H]+	C18H11F3N2O	1.042891956	0.370062277	1\1	0
QEHF0440	563.3466	3.61	[M-H]+	C30H42N8O3	1.091810881	0.018027022	1\1	0
QEHF0441	609.2975	0.58	[M-H]+	C37H40N2O6	0.910965874	0.096360179	1\1	0
QEHF0442	192.077	3.32	[M-H]+	C9H9N3O2	1.051646871	0.539227745	1\1	0
QEHF0443	401.3059	33.31	[M-H]+	C26H40O3	0.953656676	0.432653321	1\1	0
QEHF0444	359.2223	14.14	[M-H]+	C22H30O4	0.996388607	0.961878222	1\1	0
QEHF0445	560.2081	23.93	[M-H]+	C28H37N3O3S3	0.922685455	0.05439213	1\1	0
QEHF0446	435.2035	7.83	[M-H]+	C24H26N4O4	1.050475614	0.081496973	1\1	0
QEHF0447	486.9446	30.77	[M-H]+	C16H14Br2N4O4	0.950600324	0.612269723	1\1	0
QEHF0448	168.034	0.91	[M-H]+	C5H5N5S	0.934354864	0.534345277	1\1	0
QEHF0449	126.0551	0.63	[M-H]+	C6H7NO2	0.967814256	0.588589133	1\1	0
QEHF0450	459.0061	11.65	[M-H]+	C17H15BrClFN4O3	1.084727941	0.0911471	1\1	0
QEHF0451	465.1014	26.06	[M-H]+	C21H16F4N4O2S	0.947235823	0.510882702	1\1	0
QEHF0452	377.1615	3.54	[M-H]+	C21H20N4O3	0.968891705	0.58766927	1\1	0
QEHF0453	542.2177	4.26	[M-H]+	C27H32ClN5O5	0.551561303	0.00027543	1\2	1
QEHF0454	524.0375	6.61	[M-H]+	C19H17N5O7S3	1.121465936	0.001836457	1\1	0
QEHF0455	392.2588	32.18	[M-H]+	C26H33NO2	0.935369757	0.275336746	1\1	0
QEHF0456	248.0504	1.93	[M-H]+	C8H10FN3O3S	0.856143799	0.093096241	1\1	0
QEHF0457	587.2879	5.88	[M-H]+	C33H38N4O6	0.986465257	0.711621395	1\1	0
QEHF0458	433.1941	27.78	[M-H]+	C23H26F2N2O4	0.843943497	0.059872243	1\1	0
QEHF0459	469.2588	31.37	[M-H]+	C28H36O6	0.874474266	0.524807018	1\1	0
QEHF0460	522.32	3.95	[M-H]+	C28H39N7O3	0.992025389	0.876023096	1\1	0
QEHF0461	494.2667	18.1	[M-H]+	C29H31N7O	1.044444229	0.318694478	1\1	0
QEHF0462	448.2466	4.66	[M-H]+	C24H29N7O2	1.07176558	0.084681264	1\1	0
QEHF0463	136.062	0.58	[M-H]+	C5H5N5	0.958594463	0.069738644	1\1	0
QEHF0464	608.2283	24.86	[M-H]+	C35H28F3N5O2	1.049895819	0.125793702	1\1	0
QEHF0465	344.1864	4.5	[M-H]+	C20H25NO4	0.735371304	0.442906516	1\1	0
QEHF0466	343.1227	31.6	[M-H]+	C12H22O11	0.899317508	0.307517153	1\1	0
QEHF0467	384.1746	6.31	[M-H]+	C21H25N3O2S	0.738189901	0.004531129	1\1	0
QEHF0468	358.1681	3.75	[M-H]+	C18H20FN5O2	1.019840408	0.793510453	1\1	0
QEHF0469	416.1894	4.99	[M-H]+	C26H26ClN3	0.82379718	0.103650676	1\1	0
QEHF0470	311.1391	21.19	[M-H]+	C18H18N2O3	1.042020349	0.573204239	1\1	0
QEHF0471	468.2152	16.62	[M-H]+	C22H30FN3O7	1.10619329	0.278857735	1\1	0
QEHF0472	296.1397	3.4	[M-H]+	C17H17N3O2	1.090765473	0.107800433	1\1	0
QEHF0473	305.2478	25.7	[M-H]+	C20H32O2	0.916392827	0.414640583	1\1	0
QEHF0474	199.0869	3.38	[M-H]+	C12H10N2O	1.07165105	0.077344727	1\1	0
QEHF0475	318.1605	16.58	[M-H]+	C20H19N3O	1.084992306	0.096596475	1\1	0
QEHF0476	196.0893	4.49	[M-H]+	C11H14ClN	1.066565583	0.009787217	1\1	0
QEHF0477	283.1081	20.88	[M-H]+	C16H14N2O3	1.057853908	0.537501961	1\1	0
QEHF0478	361.2741	32.52	[M-H]+	C23H36O3	1.002224517	0.989791764	1\1	0
QEHF0479	378.9846	4.47	[M-H]+	C13H18Br2N2O	1.05019622	0.1274034	1\1	0
QEHF0480	428.1573	3.59	[M-H]+	C20H21N5O6	1.046525847	0.400979369	1\1	0
QEHF0481	479.0273	28.96	[M-H]+	C21H17Cl3N4OS	1.045488949	0.396326955	1\1	0
QEHF0482	545.2394	8.44	[M-H]+	C29H36O10	0.926248283	0.209985547	1\1	0
QEHF0483	417.3371	34.31	[M-H]+	C27H44O3	0.902622672	0.221587385	1\1	0
QEHF0484	366.1023	3.92	[M-H]+	C17H17ClFN3O3	1.040644989	0.381253922	1\1	0
QEHF0485	358.1567	3.57	[M-H]+	C19H20FN3O3	1.064550505	0.109112912	1\1	0
QEHF0486	515.1369	31.37	[M-H]+	C25H21F3N4O3S	0.941559831	0.534108154	1\1	0
QEHF0487	218.0815	3.8	[M-H]+	C12H11NO3	0.986584242	0.748313069	1\1	0
QEHF0488	412.2713	4.18	[M-H]+	C23H33N5O2	1.011235264	0.758065646	1\1	0
QEHF0489	413.1977	4.27	[M-H]+	C25H24N4O2	1.01090939	0.793547177	1\1	0
QEHF0490	348.1599	26.5	[M-H]+	C22H21NO3	1.034653399	0.199667768	1\1	0
QEHF0491	521.1688	26.26	[M-H]+	C27H28N4O3S2	0.968842564	0.336305536	1\1	0
QEHF0492	462.1587	7.87	[M-H]+	C26H24ClN3O3	1.088611081	0.047225725	1\1	0
QEHF0493	367.25	3.87	[M-H]+	C22H30N4O	1.039700382	0.537184808	1\1	0
QEHF0494	430.1702	30.22	[M-H]+	C24H23N5OS	1.009484726	0.781352881	1\1	0
QEHF0495	285.1059	17.54	[M-H]+	C16H16N2OS	0.988261577	0.880646352	1\1	0
QEHF0496	331.0574	25.69	[M-H]+	C16H14N2O2S2	0.950633024	0.217817288	1\1	0
QEHF0497	263.0819	13.48	[M-H]+	C16H10N2O2	1.068934152	0.59494774	1\1	0
QEHF0498	323.1031	13.3	[M-H]+	C18H14N2O4	1.048114005	0.354563983	1\1	0
QEHF0499	411.1757	4.97	[M-H]+	C18H21F3N6O2	1.295677457	0.022706713	1\1	0
QEHF0500	600.1922	31.52	[M-H]+	C31H29N5O6S	0.899132181	0.209008537	1\1	0
QEHF0501	394.2354	8.96	[M-H]+	C21H27N7O	0.961611235	0.48262559	1\1	0
QEHF0502	361.0511	27.44	[M-H]+	C18H14Cl2N2O2	0.914135756	0.361264516	1\1	0
QEHF0503	353.1138	27.39	[M-H]+	C19H16N2O5	0.966739849	0.686324505	1\1	0
QEHF0504	326.1424	9.89	[M-H]+	C19H20ClN3	0.760059145	0.008820744	1\1	0
QEHF0505	342.1818	13.46	[M-H]+	C19H23N3O3	1.047646794	0.440368348	1\1	0
QEHF0506	521.2669	31.39	[M-H]+	C31H32N6O2	0.862384668	0.048459053	1\1	0
QEHF0507	455.2485	21.4	[M-H]+	C25H34N4O2S	1.11099866	0.322760928	1\1	0
QEHF0508	309.0905	31.27	[M-H]+	C17H13ClN4	1.106022747	0.13345225	1\1	0
QEHF0509	451.1527	12.78	[M-H]+	C23H27ClO7	1.044862923	0.71160312	1\1	0
QEHF0510	356.0036	25.83	[M-H]+	C16H10BrN3O2	1.071290379	0.238914541	1\1	0
QEHF0511	499.2245	3.8	[M-H]+	C23H30N8O3S	0.982690858	0.73142436	1\1	0
QEHF0512	555.0217	31.74	[M-H]+	C22H21Cl2IN4O	0.920251958	0.138359509	1\1	0
QEHF0513	397.2353	4.38	[M-H]+	C21H28N6O2	0.895198737	0.010095964	1\1	0
QEHF0514	427.0565	13.39	[M-H]+	C18H17Cl2FN4OS	1.011114819	0.889145849	1\1	0
QEHF0515	449.1876	26.3	[M-H]+	C22H24N8OS	1.169467822	0.059922783	1\1	0
QEHF0516	472.2313	3.51	[M-H]+	C22H29N7O5	1.017202987	0.746707863	1\1	0
QEHF0517	325.1778	5.96	[M-H]+	C19H26O3	1.130105491	0.007210484	1\1	0
QEHF0518	402.148	8.24	[M-H]+	C21H16FN7O	0.970668467	0.267427919	1\1	0
QEHF0519	417.1676	7.23	[M-H]+	C22H20N6O3	0.944368632	0.270023532	1\1	0
QEHF0520	341.1516	3.37	[M-H]+	C20H16N6	0.99373172	0.836951469	1\1	0
QEHF0521	346.1366	25.73	[M-H]+	C18H17F2N3O2	0.94082812	0.167246186	1\1	0
QEHF0522	555.1401	15.78	[M-H]+	C30H27BrN4O2	1.025489441	0.64482902	1\1	0
QEHF0523	373.1527	3.73	[M-H]+	C19H16N8O	1.05150345	0.422218176	1\1	0
QEHF0524	458.1654	8.44	[M-H]+	C25H23N5O2S	1.008604694	0.930150909	1\1	0
QEHF0525	419.0735	28.31	[M-H]+	C19H18N2O5S2	0.950401276	0.483207288	1\1	0
QEHF0526	306.0312	7.81	[M-H]+	C13H9Cl2N5	1.098887967	0.100829791	1\1	0
QEHF0527	336.1349	5.82	[M-H]+	C19H17N3O3	0.863797484	0.123420389	1\1	0
QEHF0528	464.1764	9.38	[M-H]+	C24H25N5O3S	0.953815651	0.286410362	1\1	0
QEHF0529	508.2468	4.39	[M-H]+	C29H29N7O2	0.994333563	0.937882311	1\1	0
QEHF0530	349.1353	8.11	[M-H]+	C21H17FN2O2	0.819886563	0.209065767	1\1	0
QEHF0531	444.2405	7.26	[M-H]+	C26H29N5O2	1.093808864	0.030943365	1\1	0
QEHF0532	455.1126	12.79	[M-H]+	C22H19ClN4O5	1.100435467	0.032855977	1\1	0
QEHF0533	462.3714	31.72	[M-H]+	C25H52NO4P	1.030528507	0.866444013	1\1	0
QEHF0534	330.1717	14.35	[M-H]+	C20H19N5	1.008630074	0.884586778	1\1	0
QEHF0535	332.168	32.18	[M-H]+	C18H25NO3Si	0.938888006	0.393987641	1\1	0
QEHF0536	426.1931	3.93	[M-H]+	C25H23N5O2	0.987187462	0.684517434	1\1	0
QEHF0537	482.0828	29.68	[M-H]+	C21H18F3N3O3S2	0.909432154	0.296984048	1\1	0
QEHF0538	569.2878	19.24	[M-H]+	C32H36N6O4	0.990737196	0.871792363	1\1	0
QEHF0539	285.1037	14.47	[M-H]+	C16H13FN2O2	0.959608314	0.664483862	1\1	0
QEHF0540	408.021	9.1	[M-H]+	C16H14IN3O2	1.275391829	0.002652634	1\1	0
QEHF0541	282.1241	4.67	[M-H]+	C16H15N3O2	1.170612973	0.044000233	1\1	0
QEHF0542	240.1709	14.83	[M-H]+	C12H21N3O2	0.943694998	0.473209839	1\1	0
QEHF0543	440.1114	31.29	[M-H]+	C24H16F3NO4	0.943815362	0.656093706	1\1	0
QEHF0544	358.0847	30.53	[M-H]+	C19H16ClNO4	0.993824858	0.866056925	1\1	0
QEHF0545	391.157	4.26	[M-H]+	C22H19FN4O2	1.002360334	0.971291074	1\1	0
QEHF0546	451.1196	27.64	[M-H]+	C22H24Cl2N2O4	0.946706316	0.544906502	1\1	0
QEHF0547	341.209	6.14	[M-H]+	C18H24N6O	1.101183624	0.002836695	1\1	0
QEHF0548	182.0638	5.49	[M-H]+	C9H11NOS	0.962574205	0.597963407	1\1	0
QEHF0549	298.119	3.84	[M-H]+	C16H15N3O3	1.107916623	0.055797946	1\1	0
QEHF0550	478.2096	24.14	[M-H]+	C25H27N5O5	0.99899573	0.941328804	1\1	0
QEHF0551	237.1026	11.01	[M-H]+	C15H12N2O	1.013590333	0.870724189	1\1	0
QEHF0552	530.1312	28.9	[M-H]+	C29H24ClN3O3S	0.921635941	0.100094007	1\1	0
QEHF0553	497.2805	31.64	[M-H]+	C32H36N2O3	0.947107384	0.416341904	1\1	0
QEHF0554	338.1651	3.51	[M-H]+	C15H23N5O2S	1.077148569	0.259920598	1\1	0
QEHF0555	341.1074	5.46	[M-H]+	C17H16N4O2S	1.125034937	0.047995466	1\1	0
QEHF0556	307.0461	27.02	[M-H]+	C15H14O3S2	0.941301798	0.354420367	1\1	0
QEHF0557	457.1769	27.46	[M-H]+	C27H24N2O5	0.930728541	0.552366973	1\1	0
QEHF0558	308.1284	16.44	[M-H]+	C19H17NO3	0.855326261	0.147038059	1\1	0
QEHF0559	516.1956	9.27	[M-H]+	C24H30ClN7O2S	0.769825682	0.022814399	1\1	0
QEHF0560	235.0539	12.7	[M-H]+	C11H10N2O2S	0.993984636	0.937726646	1\1	0
QEHF0561	461.2417	12.5	[M-H]+	C24H28N8O2	1.066281963	0.406197736	1\1	0
QEHF0562	391.0094	20.82	[M-H]+	C17H12BrFN2O3	0.982008989	0.856995826	1\1	0
QEHF0563	566.2912	25.53	[M-H]+	C34H36FN5O2	0.778336295	0.004697528	1\1	0
QEHF0564	514.1702	6.46	[M-H]+	C23H27N7O3S2	1.06477105	0.02659018	1\1	0
QEHF0565	447.2248	21.31	[M-H]+	C22H30N4O6	1.002983348	0.942060579	1\1	0
QEHF0566	455.0601	31.37	[M-H]+	C18H13ClF6N2O3	0.920094878	0.491671566	1\1	0
QEHF0567	391.1858	4.57	[M-H]+	C19H21F3N6	0.885231377	0.124910543	1\1	0
QEHF0568	504.9956	31.7	[M-H]+	C22H20Br2N2O2	0.94338057	0.59058277	1\1	0
QEHF0569	385.214	10.33	[M-H]+	C23H24N6	0.925377022	0.274817953	1\1	0
QEHF0570	372.102	4.93	[M-H]+	C18H17N3O4S	0.950981756	0.322321423	1\1	0
QEHF0571	370.2129	14.09	[M-H]+	C21H27N3O3	0.907602357	0.169970829	1\1	0
QEHF0572	487.1672	4.03	[M-H]+	C25H28Cl2N4O2	0.904562272	0.173456431	1\1	0
QEHF0573	360.0348	7.89	[M-H]+	C16H14BrN3O2	1.083201858	0.02643286	1\1	0
QEHF0574	363.1621	21.93	[M-H]+	C21H19FN4O	0.955983571	0.344029732	1\1	0
QEHF0575	429.1478	17.54	[M-H]+	C23H17FN6O2	0.968624603	0.732290583	1\1	0
QEHF0576	446.1722	5.56	[M-H]+	C21H19F4N7	1.072621363	0.277129257	1\1	0
QEHF0577	318.1131	21.45	[M-H]+	C20H15NO3	0.973430582	0.657897096	1\1	0
QEHF0578	275.108	3.54	[M-H]+	C13H20Cl2N2	0.964255459	0.227821707	1\1	0
QEHF0579	348.153	13.39	[M-H]+	C20H23ClFNO	1.006359733	0.928867376	1\1	0
QEHF0580	344.1876	4.75	[M-H]+	C21H21N5	1.04346451	0.44890236	1\1	0
QEHF0581	378.1078	4.06	[M-H]+	C21H16FN3OS	1.058333753	0.272895625	1\1	0
QEHF0582	384.1131	7.92	[M-H]+	C18H17N5O3S	1.228945602	0.001650488	1\1	0
QEHF0583	324.0671	29.25	[M-H]+	C16H12F3NOS	0.926519549	0.592786745	1\1	0
QEHF0584	252.1023	25.51	[M-H]+	C16H13NO2	0.914005991	0.112069135	1\1	0
QEHF0585	334.0759	6.84	[M-H]+	C16H13ClFN3O2	0.637059032	0.000897651	1\2	1
QEHF0586	465.2192	5.58	[M-H]+	C23H28N8OS	0.709180871	0.000990979	1\1	0
QEHF0587	376.1574	22.13	[M-H]+	C21H18FN5O	1.05633733	0.21132457	1\1	0
QEHF0588	483.2316	32.48	[M-H]+	C26H34N2O5Si	0.988169068	0.837994095	1\1	0
QEHF0589	376.0887	3.78	[M-H]+	C15H18BrN7	0.985857044	0.650031427	1\1	0
QEHF0590	283.0306	26.15	[M-H]+	C12H11ClN2O2S	1.028762483	0.221431297	1\1	0
QEHF0591	254.118	32.11	[M-H]+	C16H15NO2	1.269758829	0.196533801	1\1	0
QEHF0592	449.1692	29.15	[M-H]+	C23H23F3N2O4	0.953327582	0.400173328	1\1	0
QEHF0593	315.1142	14.61	[M-H]+	C17H15FN2O3	1.033817213	0.536338593	1\1	0
QEHF0594	532.2739	20.04	[M-H]+	C32H38ClN3O2	1.068966692	0.508224349	1\1	0
QEHF0595	493.9543	26.94	[M-H]+	C19H15Br2N3O3	0.966482602	0.43314382	1\1	0
QEHF0596	336.171	7.3	[M-H]+	C20H21N3O2	1.009446087	0.858658346	1\1	0
QEHF0597	356.122	31.09	[M-H]+	C16H16F3N3O3	0.906790735	0.298285807	1\1	0
QEHF0598	410.1935	32.46	[M-H]+	C20H31N3O2S2	0.963261434	0.658981712	1\1	0
QEHF0599	315.1343	4.29	[M-H]+	C17H18N2O4	0.985840777	0.726340767	1\1	0
QEHF0600	434.2195	15.32	[M-H]+	C24H27N5O3	0.993545	0.905782086	1\1	0
QEHF0601	372.127	27.31	[M-H]+	C20H21NO4S	0.840594969	0.045161868	1\1	0
QEHF0602	283.1808	10.22	[M-H]+	C18H22N2O	0.831722757	0.012429506	1\1	0
QEHF0603	325.9712	5.47	[M-H]+	C10H8BrN5OS	1.012332591	0.78803218	1\1	0
QEHF0604	463.9745	29.84	[M-H]+	C18H15Cl4N3OS	0.90850382	0.150599032	1\1	0
QEHF0605	366.0647	16.14	[M-H]+	C16H15NO7S	0.944231084	0.678672938	1\1	0
QEHF0606	321.048	10.74	[M-H]+	C13H12N4O2S2	0.824942131	0.017489257	1\1	0
QEHF0607	425.1172	12.98	[M-H]+	C22H20N2O5S	1.01243213	0.853364822	1\1	0
QEHF0608	299.1029	23.11	[M-H]+	C16H14N2O4	0.978558936	0.684962248	1\1	0
QEHF0609	486.1712	4.75	[M-H]+	C24H25ClFN5O3	1.006019786	0.931884395	1\1	0
QEHF0610	508.1386	6.3	[M-H]+	C21H20F3N7O3S	1.020917343	0.51022032	1\1	0
QEHF0611	431.2563	5.14	[M-H]+	C25H30N6O	1.121698222	0.219574316	1\1	0
QEHF0612	451.215	10.79	[M-H]+	C25H27FN4O3	1.051378014	0.530625551	1\1	0
QEHF0613	441.038	8.75	[M-H]+	C17H15BrF2N4O3	1.053474861	0.134328915	1\1	0
QEHF0614	332.2011	13.71	[M-H]+	C23H25NO	0.705061491	0.023081762	1\1	0
QEHF0615	282.1127	11.5	[M-H]+	C17H15NO3	0.980287663	0.832588084	1\1	0
QEHF0616	792.491	31.55	[M-H]+	C43H69NO12	1.016859115	0.886273759	1\1	0
QEHF0617	399.1458	4.63	[M-H]+	C23H18N4O3	0.976589967	0.618028364	1\1	0
QEHF0618	352.1411	3.73	[M-H]+	C18H17N5O3	1.027869229	0.606363882	1\1	0
QEHF0619	235.1015	5.32	[M-H]+	C11H14N4S	0.713690779	0.09537884	1\1	0
QEHF0620	470.133	15.75	[M-H]+	C24H18F3N3O4	1.00972246	0.867920121	1\1	0
QEHF0621	370.167	3.42	[M-H]+	C22H19N5O	0.935333264	0.173894947	1\1	0
QEHF0622	372.1496	3.99	[M-H]+	C18H21N5O2S	1.136303342	0.104756571	1\1	0
QEHF0623	432.1065	4.88	[M-H]+	C20H19ClFN5OS	1.311976919	0.001901916	1\1	0
QEHF0624	320.1624	8.28	[M-H]+	C17H17N7	0.987892534	0.756947746	1\1	0
QEHF0625	239.118	27.62	[M-H]+	C15H14N2O	1.005524538	0.946284011	1\1	0
QEHF0626	470.177	14.37	[M-H]+	C25H23N7OS	1.183257503	0.066951169	1\1	0
QEHF0627	414.0492	23.3	[M-H]+	C17H14ClF2N3O3S	0.972925266	0.536864664	1\1	0
QEHF0628	309.1058	30.76	[M-H]+	C18H16N2OS	0.922804443	0.159300895	1\1	0
QEHF0629	393.2289	12.79	[M-H]+	C23H28N4O2	1.187032155	0.017481601	1\1	0
QEHF0630	359.1477	28.24	[M-H]+	C19H20N4O2	1.008576444	0.77353591	1\1	0
QEHF0631	442.123	20.99	[M-H]+	C19H18F3N3O6	1.07019089	0.31465362	1\1	0
QEHF0632	467.0676	27.88	[M-H]+	C22H18N4O2S3	0.846952389	0.025945886	1\1	0
QEHF0633	520.2235	12.83	[M-H]+	C27H30ClN7O2	1.082132157	0.318972856	1\1	0
QEHF0634	487.1896	4.61	[M-H]+	C24H25F3N6S	1.053029562	0.309656425	1\1	0
QEHF0635	366.139	26.69	[M-H]+	C19H19N5OS	1.099193295	0.046267625	1\1	0
QEHF0636	473.1112	28.71	[M-H]+	C25H20N4O2S2	0.916549586	0.020459	1\1	0
QEHF0637	335.1119	20.4	[M-H]+	C16H13F3N4O	0.976239684	0.742541317	1\1	0
QEHF0638	299.0829	12.81	[M-H]+	C14H16N2O2S	1.775653058	0.003855772	2\1	1
QEHF0639	355.2246	9.21	[M-H]+	C19H26N6O	1.079769868	0.217386057	1\1	0
QEHF0640	306.1353	6.52	[M-H]+	C17H15N5O	0.998738429	0.945216067	1\1	0
QEHF0641	419.2447	6.5	[M-H]+	C25H30N4O2	0.886341852	0.001195457	1\1	0
QEHF0642	429.0825	5.28	[M-H]+	C17H21ClN4O3S2	1.110560258	0.043075931	1\1	0
QEHF0643	365.2204	3.29	[M-H]+	C19H24N8	1.132499303	0.034857764	1\1	0
QEHF0644	570.2449	13.27	[M-H]+	C28H30F3N7O3	1.14366238	0.082254933	1\1	0
QEHF0645	511.1598	27.09	[M-H]+	C26H21F3N4O4	1.168547135	0.002909182	1\1	0
QEHF0646	538.1702	13.49	[M-H]+	C25H27N7O3S2	1.081810099	0.038077929	1\1	0
QEHF0647	380.1434	14.76	[M-H]+	C21H21N3O2S	0.974627473	0.70068356	1\1	0
QEHF0648	279.1707	9.41	[M-H]+	C15H22N2O3	0.716539936	0.00029602	1\1	0
QEHF0649	614.269	9.04	[M-H]+	C30H40ClN7O3S	0.953220676	0.369976933	1\1	0
QEHF0650	440.0284	20.95	[M-H]+	C17H18BrN3O4S	0.998830139	0.989875443	1\1	0
QEHF0651	569.2495	13.46	[M-H]+	C29H31F3N6O3	1.183310569	0.006259019	1\1	0
QEHF0652	348.057	27.84	[M-H]+	C14H7F6N3O	0.960146992	0.576762421	1\1	0
QEHF0653	316.0853	7.18	[M-H]+	C16H14ClN3O2	1.027136852	0.085172452	1\1	0
QEHF0654	403.09	5.72	[M-H]+	C18H18N4O3S2	1.02628762	0.632113013	1\1	0
QEHF0655	446.1979	6.61	[M-H]+	C20H27N7O3S	1.213472931	3.86E-05	1\1	0
QEHF0656	406.1337	31.98	[M-H]+	C21H19N5O2S	0.979844061	0.734833817	1\1	0
QEHF0657	416.1723	6.35	[M-H]+	C23H21N5O3	1.077392382	0.007620107	1\1	0
QEHF0658	377.0728	27.67	[M-H]+	C18H17ClN2O3S	1.005563089	0.902349296	1\1	0
QEHF0659	384.0841	24.47	[M-H]+	C19H17N3O2S2	1.056221073	0.01624595	1\1	0
QEHF0660	580.2931	28.08	[M-H]+	C34H37N5O4	0.923607268	0.163353379	1\1	0
QEHF0661	400.1	15.36	[M-H]+	C19H18ClN5OS	0.807755919	0.005892478	1\1	0
QEHF0662	383.0467	12.58	[M-H]+	C20H12N2O3S	0.945535106	0.147141394	1\1	0
QEHF0663	396.1724	10.08	[M-H]+	C22H22FN3O3	0.988411464	0.819384414	1\1	0
QEHF0664	446.1356	31.22	[M-H]+	C24H19N3O6	0.906924447	0.176868592	1\1	0
QEHF0665	441.2295	6.66	[M-H]+	C27H28N4O2	0.995055539	0.846518314	1\1	0
QEHF0666	461.1593	25.98	[M-H]+	C26H19F3N4O	0.981102136	0.600738409	1\1	0
QEHF0667	570.1933	3.66	[M-H]+	C29H27N7O4S	1.031456873	0.435547637	1\1	0
QEHF0668	478.9843	31.35	[M-H]+	C17H14ClF2IN2O2	0.941253306	0.498074913	1\1	0
QEHF0669	281.0327	18.34	[M-H]+	C12H9ClN2O4	1.06680271	0.335250761	1\1	0
QEHF0670	486.2623	4	[M-H]+	C27H31N7O2	0.852949368	0.002568535	1\1	0
QEHF0671	380.1975	3.61	[M-H]+	C22H25N3O3	1.086197029	0.038903554	1\1	0
QEHF0672	394.2106	5.01	[M-H]+	C19H23N9O	1.012429341	0.616661156	1\1	0
QEHF0673	369.1023	22.36	[M-H]+	C18H16N4O3S	1.033552139	0.669718892	1\1	0
QEHF0674	370.188	21.35	[M-H]+	C19H23N5O3	0.957845739	0.406308438	1\1	0
QEHF0675	457.1914	26.62	[M-H]+	C23H28N4O4S	1.035347558	0.014525111	1\1	0
QEHF0676	589.3107	4.59	[M-H]+	C27H40N8O7	0.985969399	0.771066124	1\1	0
QEHF0677	249.0887	3.77	[M-H]+	C13H8N6	0.998769234	0.969402161	1\1	0
QEHF0678	451.0042	30.37	[M-H]+	C18H12Cl2N4O4S	0.98035529	0.752058904	1\1	0
QEHF0679	545.9497	31.3	[M-H]+	C22H15Br2N3O4	1.025214458	0.877253788	1\1	0
QEHF0680	636.4969	3.34	[M-H]+	C37H61N7O2	0.573698827	0.005903622	1\2	1
QEHF0681	497.2482	31.7	[M-H]+	C28H36N2O4S	0.918020463	0.277944426	1\1	0
QEHF0682	424.1695	16.31	[M-H]+	C23H25N3O3S	1.017561183	0.71045253	1\1	0
QEHF0683	462.2169	22.25	[M-H]+	C23H24FN9O	1.113812806	0.439046975	1\1	0
QEHF0684	333.1702	32.18	[M-H]+	C20H20N4O	0.947390458	0.434620476	1\1	0
QEHF0685	443.0504	31.09	[M-H]+	C21H16Cl2N4OS	0.903032697	0.001270002	1\1	0
QEHF0686	522.1602	23.31	[M-H]+	C29H23N5O3S	1.050919095	0.188083447	1\1	0
QEHF0687	382.1992	3.38	[M-H]+	C19H23N7O2	0.973352846	0.712933406	1\1	0
QEHF0688	538.3246	16.84	[M-H]+	C26H43N5O7	0.781633561	4.18E-05	1\1	0
QEHF0689	299.0796	13.89	[M-H]+	C17H12N2O2	0.82288838	0.000151659	1\1	0
QEHF0690	397.132	13.36	[M-H]+	C22H21ClN2O3	0.990971807	0.860167549	1\1	0
QEHF0691	150.0777	0.57	[M-H]+	C6H7N5	1.01755633	0.591469604	1\1	0
QEHF0692	415.2749	18.8	[M-H]+	C28H34N2O	1.043519614	0.591492199	1\1	0
QEHF0693	224.0063	5.35	[M-H]+	C7H5N5S2	0.972920018	0.669038304	1\1	0
QEHF0694	234.124	0.58	[M-H]+	C12H15N3O2	1.005968551	0.887774729	1\1	0
QEHF0695	466.2348	7.59	[M-H]+	C26H31N3O5	1.129538448	0.001674691	1\1	0
QEHF0696	506.1106	16.37	[M-H]+	C25H17F2N5O3S	1.113017983	0.038349421	1\1	0
QEHF0697	291.1607	0.58	[M-H]+	C18H18N4	0.910409605	0.026011126	1\1	0
QEHF0698	466.2458	8.64	[M-H]+	C25H31N5O4	0.985269222	0.254266096	1\1	0
QEHF0699	280.0852	6.77	[M-H]+	C13H14ClN3O2	0.83948272	0.026209277	1\1	0
QEHF0700	312.0918	5.67	[M-H]+	C15H13N5OS	1.00777565	0.838560444	1\1	0
QEHF0701	405.2655	3.33	[M-H]+	C25H32N4O	1.219866841	0.035470823	1\1	0
QEHF0702	581.157	6.67	[M-H]+	C23H26FN6O9P	1.061395677	0.150262338	1\1	0
QEHF0703	501.1618	21.99	[M-H]+	C26H29ClN2O4S	0.915945246	0.288890969	1\1	0
QEHF0704	371.1067	24.45	[M-H]+	C19H18N2O4S	0.881227675	0.010326435	1\1	0
QEHF0705	499.2284	4	[M-H]+	C28H30N6OS	0.886828908	0.037533558	1\1	0
QEHF0706	551.1891	3.71	[M-H]+	C26H31BrN8O	0.973768128	0.614540187	1\1	0
QEHF0707	513.2369	21.64	[M-H]+	C29H31F3N2O3	0.790663098	0.119126563	1\1	0
QEHF0708	452.1701	17.2	[M-H]+	C24H20F3N5O	1.013741365	0.639409664	1\1	0
QEHF0709	431.0519	10.4	[M-H]+	C18H15ClN6OS2	1.019213595	0.803239293	1\1	0
QEHF0710	442.0813	25.98	[M-H]+	C21H20ClF2O4S	1.168735423	0.002654892	1\1	0
QEHF0711	378.135	5.5	[M-H]+	C15H19N7O3S	1.047316923	0.362864138	1\1	0
QEHF0712	528.2506	7.75	[M-H]+	C31H33N3O5	1.059491467	0.025378193	1\1	0
QEHF0713	406.1855	4.34	[M-H]+	C20H22F3N5O	0.836628559	0.029315073	1\1	0
QEHF0714	392.2338	8.94	[M-H]+	C24H29N3O2	0.935258209	0.269820053	1\1	0
QEHF0715	371.0355	28.9	[M-H]+	C19H12N2O2Cl2	0.958013199	0.717115235	1\1	0
QEHF0716	470.1877	11.35	[M-H]+	C23H25ClFN7O	1.068844579	0.119127713	1\1	0
QEHF0717	321.0986	3.81	[M-H]+	C15H14F2N4S	1.012232623	0.823462597	1\1	0
QEHF0718	285.0808	3.27	[M-H]+	C14H12N4OS	1.267985968	0.025712409	1\1	0
QEHF0719	433.0725	31.36	[M-H]+	C21H18Cl2N2O4	0.945951474	0.611094905	1\1	0
QEHF0720	464.2778	3.6	[M-H]+	C25H33N7O2	1.031510696	0.623326233	1\1	0
QEHF0721	521.1309	11.18	[M-H]+	C25H25BrN6O2	1.066915809	0.310409508	1\1	0
QEHF0722	338.178	5.8	[M-H]+	C19H20FN5	0.984119856	0.707034531	1\1	0
QEHF0723	272.0349	14.94	[M-H]+	C9H7ClFN5O2	1.065909315	0.48833791	1\1	0
QEHF0724	491.106	12.97	[M-H]+	C23H21Cl2FN4O3	1.016013241	0.720625131	1\1	0
QEHF0725	486.0967	7.69	[M-H]+	C20H17Cl2N9O2	0.950890076	0.047275171	1\1	0
QEHF0726	439.2235	30.56	[M-H]+	C25H30N2O5	0.986971431	0.789858956	1\1	0
QEHF0727	376.1631	9.44	[M-H]+	C18H25N5S2	0.855516829	0.126618679	1\1	0
QEHF0728	383.1757	28.06	[M-H]+	C25H22N2O2	0.945885083	0.30176582	1\1	0
QEHF0729	533.228	18.22	[M-H]+	C29H27F3N6O	1.26849887	0.004437614	1\1	0
QEHF0730	524.3355	13.29	[M-H]+	C28H41N7O3	0.918123898	0.252120655	1\1	0
QEHF0731	313.1746	4.9	[M-H]+	C19H24N2S	0.948902594	0.169557502	1\1	0
QEHF0732	407.2218	0.58	[M-H]+	C18H34N2O6S	0.264723889	4.8E-06	1\4	1
QEHF0733	278.1907	12.33	[M-H]+	C20H23N	0.545650975	1.63E-05	1\2	1
QEHF0734	416.2801	14.58	[M-H]+	C25H37NO4	0.919292576	0.141892302	1\1	0
QEHF0735	368.1742	0.58	[M-H]+	C18H26ClN3O3	1.255760855	0.26615602	1\1	0
QEHF0736	422.177	5.95	[M-H]+	C25H24FNO4	0.916575678	0.018079804	1\1	0
QEHF0737	316.1774	0.58	[M-H]+	C16H21N5O2	1.000045399	0.998773598	1\1	0
QEHF0738	256.0972	3.73	[M-H]+	C15H13NO3	1.093942558	0.108591422	1\1	0
QEHF0739	348.146	3.29	[M-H]+	C19H17N5O2	1.025783502	0.75527986	1\1	0
QEHF0740	292.1118	3.28	[M-H]+	C14H17N3O2S	2.311628353	0.000741057	2\1	1
QEHF0741	502.2373	15.01	[M-H]+	C27H31N7OS	0.940981554	0.477053517	1\1	0
QEHF0742	367.1673	10.07	[M-H]+	C22H18N6	1.089390282	0.359213891	1\1	0
QEHF0743	475.1151	20.59	[M-H]+	C22H24BrFN4O2	0.905184678	0.017179532	1\1	0
QEHF0744	282.1605	11.02	[M-H]+	C17H19N3O	0.994844688	0.969231744	1\1	0
QEHF0745	329.1535	3.33	[M-H]+	C15H24N2O4S	0.960810453	0.599309629	1\1	0
QEHF0746	415.212	22.6	[M-H]+	C24H30O6	0.896878075	0.075618203	1\1	0
QEHF0747	415.212	11.56	[M-H]+	C24H30O6	0.931763421	0.451204464	1\1	0
QEHF0748	371.1068	23.35	[M-H]+	C19H18N2O4S	0.945296056	0.058534309	1\1	0
QEHF0749	847.4477	26.96	[M-H]+	C46H62N4O11	1.106075614	0.071660145	1\1	0
QEHF0750	296.1843	5.2	[M-H]+	C16H25NO4	0.930493883	0.184193507	1\1	0
QEHF0751	304.2024	3.28	[M-H]+	C17H25N3O2	0.911090735	0.15532298	1\1	0
QEHF0752	379.1652	27.6	[M-H]+	C22H22N2O4	1.032698778	0.636976035	1\1	0
QEHF0753	390.1563	16.01	[M-H]+	C18H20FN5O4	1.136456091	0.131116353	1\1	0
QEHF0754	245.1401	3.27	[M-H]+	C13H16N4O	0.835491469	0.029127818	1\1	0
QEHF0755	245.14	4.66	[M-H]+	C13H16N4O	1.113431298	0.067131547	1\1	0
QEHF0756	200.1108	0.58	[M-H]+	C10H17NOS	0.979913024	0.58657513	1\1	0
QEHF0757	461.1615	27.86	[M-H]+	C21H30Cl2N2O5	0.889988573	0.12436651	1\1	0
QEHF0758	359.2447	3.26	[M-H]+	C20H30N4O2	1.751550449	0.001920981	2\1	1
QEHF0759	302.1755	0.58	[M-H]+	C18H23NO3	1.012374762	0.840458601	1\1	0
QEHF0760	328.1582	0.58	[M-H]+	C16H25NO4S	0.974808561	0.526918863	1\1	0
QEHF0761	475.2462	3.92	[M-H]+	C26H30N6O3	1.066766188	0.341175892	1\1	0
QEHF0762	485.1903	8.42	[M-H]+	C24H29ClN6OS	0.917065744	0.097728185	1\1	0
QEHF0763	527.3142	8.19	[M-H]+	C31H38N6O2	0.911461183	0.005263765	1\1	0
QEHF0764	527.3141	9.76	[M-H]+	C31H38N6O2	1.058009675	0.189353179	1\1	0
QEHF0765	507.2349	4.11	[M-H]+	C27H31FN6OS	0.977029497	0.412451523	1\1	0
QEHF0766	334.065	4.48	[M-H]+	C18H11N3O2S	1.021391162	0.660638123	1\1	0
QEHF0767	310.1415	4.1	[M-H]+	C15H15N7O	0.971930087	0.67622176	1\1	0
QEHF0768	441.2756	10.51	[M-H]+	C27H32N6	1.466936674	0.025295432	1\1	0
QEHF0769	400.1474	4.08	[M-H]+	C24H18FN3O2	0.231719371	2.21E-06	1\4	1
QEHF0770	258.0336	6.16	[M-H]+	C12H7N3O2S	1.088232255	0.042387805	1\1	0
QEHF0771	338.0868	0.58	[M-H]+	C15H20BrN3O	0.98995218	0.790339166	1\1	0
QEHF0772	312.171	15.34	[M-H]+	C18H21N3O2	2.019515554	0.435791823	2\1	1
QEHF0773	229.1339	0.58	[M-H]+	C14H16N2O	1.115747519	0.334928819	1\1	0
QEHF0774	296.1398	0.59	[M-H]+	C17H17N3O2	1.018606156	0.781251913	1\1	0
QEHF0775	374.2121	18.48	[M-H]+	C25H27NO2	1.077938641	0.212835942	1\1	0
QEHF0776	352.058	5.93	[M-H]+	C18H13N3OS2	1.056087643	0.072502455	1\1	0
QEHF0777	312.1234	20.81	[M-H]+	C18H17NO4	0.918078926	0.617805676	1\1	0
QEHF0778	398.1715	0.58	[M-H]+	C21H23N3O5	1.012303491	0.896676317	1\1	0
QEHF0779	261.1352	0.58	[M-H]+	C13H16N4O2	1.166463005	0.408910769	1\1	0
QEHF0780	309.1601	5.25	[M-H]+	C19H20N2O2	1.143490681	0.116299852	1\1	0
QEHF0781	365.1967	7.03	[M-H]+	C21H24N4O2	1.074035098	0.107708887	1\1	0
QEHF0782	434.1718	18.17	[M-H]+	C24H23N3O5	0.983141603	0.761188316	1\1	0
QEHF0783	478.0963	26.98	[M-H]+	C21H15F4N5O2S	0.926526223	0.427563276	1\1	0
QEHF0784	609.2975	3.9	[M-H]+	C37H40N2O6	1.037202798	0.49323646	1\1	0
QEHF0785	377.1609	22.12	[M-H]+	C21H20N4O3	1.021071521	0.623100986	1\1	0
QEHF0786	392.2588	28.63	[M-H]+	C26H33NO2	0.221333566	0.35343059	1\4	1
QEHF0787	469.2562	18.39	[M-H]+	C28H36O6	1.178663532	0.167667873	1\1	0
QEHF0788	311.1388	6.79	[M-H]+	C18H18N2O3	1.017312654	0.756092644	1\1	0
QEHF0789	205.0974	0.58	[M-H]+	C11H12N2O2	1.050832906	0.4250394	1\1	0
QEHF0790	462.1587	14.49	[M-H]+	C26H24ClN3O3	1.163954874	0.002513923	1\1	0
QEHF0791	338.0864	15.49	[M-H]+	C14H10F3N5O2	0.966081906	0.717166202	1\1	0
QEHF0792	263.0818	10.4	[M-H]+	C16H10N2O2	0.84027786	0.097674254	1\1	0
QEHF0793	263.0819	20.88	[M-H]+	C16H10N2O2	0.24696269	0.17165135	1\4	1
QEHF0794	444.1012	24.49	[M-H]+	C17H11F6N7O	0.954013093	0.163777081	1\1	0
QEHF0795	448.1449	5.85	[M-H]+	C23H21N5O3S	1.246947215	0.000490726	1\1	0
QEHF0796	472.2297	16.46	[M-H]+	C22H29N7O5	0.417968067	0.000673963	1\2	1
QEHF0797	227.1139	10.77	[M-H]+	C9H14N4O3	0.998634615	0.96827806	1\1	0
QEHF0798	237.1025	21.92	[M-H]+	C15H12N2O	0.950300307	0.386448856	1\1	0
QEHF0799	566.2939	7.54	[M-H]+	C34H36FN5O2	0.714355206	0.121465967	1\1	0
QEHF0800	513.2059	8.51	[M-H]+	C28H25FN6O3	0.99020938	0.825922301	1\1	0
QEHF0801	385.2121	20.96	[M-H]+	C23H24N6	1.113935516	0.146860714	1\1	0
QEHF0802	315.1343	9.92	[M-H]+	C17H18N2O4	0.768845548	0.383330023	1\1	0
QEHF0803	434.219	5.96	[M-H]+	C24H27N5O3	1.021278009	0.463979955	1\1	0
QEHF0804	283.1809	9.6	[M-H]+	C18H22N2O	0.772485997	0.018079829	1\1	0
QEHF0805	486.1712	4.06	[M-H]+	C24H25ClFN5O3	0.947333565	0.253043784	1\1	0
QEHF0806	408.136	19.65	[M-H]+	C22H21N3O3S	1.067276924	0.500494755	1\1	0
QEHF0807	408.1384	28.39	[M-H]+	C22H21N3O3S	0.946522489	0.367109916	1\1	0
QEHF0808	393.2272	8.96	[M-H]+	C23H28N4O2	0.873659221	0.223110059	1\1	0
QEHF0809	397.1758	10.07	[M-H]+	C23H20N6O	1.010396037	0.813133897	1\1	0
QEHF0810	397.1779	3.87	[M-H]+	C23H20N6O	1.15109312	0.082048522	1\1	0
QEHF0811	353.1138	25.81	[M-H]+	C19H16N2O5	0.992261339	0.860810994	1\1	0
QEHF0812	466.246	9.29	[M-H]+	C25H31N5O4	0.907334042	0.155948421	1\1	0
QEHF0813	371.1609	9.39	[M-H]+	C21H26N2S2	0.878111552	0.013772568	1\1	0
QEHF0814	487.187	8.42	[M-H]+	C24H25F3N6S	0.943168653	0.254970854	1\1	0
QEHF0815	487.1904	19.48	[M-H]+	C24H25F3N6S	1.090600275	0.262056259	1\1	0
QEHF0816	454.2239	10.78	[M-H]+	C27H27N5O2	1.010225229	0.849795377	1\1	0
QEHF0817	369.0734	24.29	[M-H]+	C19H16N2O2S2	0.949740763	0.42397871	1\1	0
QEHF0818	218.0816	6.54	[M-H]+	C12H11NO3	1.048314328	0.184950151	1\1	0
QEHF0819	380.1434	10.59	[M-H]+	C21H21N3O2S	1.052906097	0.440728102	1\1	0
QEHF0820	446.1356	30.08	[M-H]+	C24H19N3O6	0.919538169	0.15546101	1\1	0
QEHF0821	486.2621	16.36	[M-H]+	C27H31N7O2	1.000152364	0.997484874	1\1	0
QEHF0822	380.1974	16.03	[M-H]+	C22H25N3O3	0.98473667	0.745417705	1\1	0
QEHF0823	394.2114	12.1	[M-H]+	C19H23N9O	1.024762136	0.596370906	1\1	0
QEHF0824	451.0038	31.42	[M-H]+	C18H12Cl2N4O4S	0.981699569	0.854933903	1\1	0
QEHF0825	510.2624	7.51	[M-H]+	C26H35N7O2S	0.964226888	0.61277728	1\1	0
QEHF0826	510.2628	19.61	[M-H]+	C26H35N7O2S	0.990537258	0.893283903	1\1	0
QEHF0827	499.2258	8.77	[M-H]+	C28H30N6OS	0.807840975	0.067202795	1\1	0
QEHF0828	499.2258	10.91	[M-H]+	C28H30N6OS	0.873136924	0.153946102	1\1	0
QEHF0829	452.1686	28.82	[M-H]+	C24H20F3N5O	0.911560175	0.126550017	1\1	0
QEHF0830	431.0498	13.39	[M-H]+	C18H15ClN6OS2	0.948069062	0.440238403	1\1	0
QEHF0831	378.136	13.68	[M-H]+	C15H19N7O3S	0.533638206	0.311859687	1\2	1
QEHF0832	392.2339	7.05	[M-H]+	C24H29N3O2	0.99513019	0.930914538	1\1	0
QEHF0833	310.1254	7.73	[M-H]+	C19H19NOS	1.063690255	0.204209382	1\1	0
QEHF0834	242.1175	25.26	[M-H]+	C15H15NO2	0.987947686	0.853033355	1\1	0
QEHF0835	242.1179	26.45	[M-H]+	C15H15NO2	1.046947133	0.561252599	1\1	0
QEHF0836	484.1236	11.84	[M-H]+	C24H26BrN3O3	1.007876172	0.899346817	1\1	0